SPIDER_CSTX	C[^C]{6}C[^C]{6}CC[^C]{8}C[^C]C
BACTERIOCIN_IIA	YGNG[VL].C.{4}C
GARP2	CDVQTR[VAE][MVT][GA]AG[GS]L
GH9_1	[LVS].[GK]G[WFYLM][YHF]D[ACGS]G[DSN]X{2}[KMR][FAILY]X[FWYLQTV][APTNS][MLGAQS]
ASN_GLYCOSYLATION	N[^P][ST][^P]
CAMP_PHOSPHO_SITE	[RK]{2}.[ST]
PKC_PHOSPHO_SITE	[ST].[RK]
CK2_PHOSPHO_SITE	[ST].{2}[DE]
TYR_PHOSPHO_SITE	[RK].{2,3}[DE].{2,3}Y
MYRISTYL	G[^EDRKHPFYW].{2}[STAGCN][^P]
AMIDATION	.G[RK][RK]
ASX_HYDROXYL	C.[DN].{4}[FY].C.C
GLA_1	E.{2}[ERK]E.C.{6}[EDR].{10,11}[FYA][YW]
PHOSPHOPANTETHEINE	[DEQGSTALMKRH][LIVMFYSTAC][GNQ][LIVMFYAG][DNEKHS]S[LIVMST][^PCFY][STAGCPQLIVMF][LIVMATN][DENQGTAKRHLM][LIVMWSTA][LIVGSTACR][^LPIY][^VY][LIVMFA]
ER_TARGET	[KRHQSA][DENQ]EL>
RGD	RGD
ATP_GTP_A	[AG].{4}GK[ST]
EF_HAND_1	D[^W][DNS][^ILVFYW][DENSTG][DNQGHRK][^GP][LIVMC][DENQSTAGC].{2}[DE][LIVMFYW]
ACTININ_1	[EQ][^LNYH].[ATV][FY][^LDAM][^T]W[^PG]N
ACTININ_2	[LIVM].[SGNL][LIVMN][DAGHENRS][SAGPNVT].[DNEAG][LIVM].[DEAGQ].{4}[LIVM].[LM][SAG][LIVM][LIVMT][WS].{0,1}[LIVM]{2}
KRINGLE_1	[FY]C[RH][NS].{7,8}[WY]C
EGF_1	C.C.{2}[^V].{2}G[^C].C
FN2_1	C.{2}PF.[FYWIV].{7}C.{8,10}WC.{4}[DNSR][FYW].{3,5}[FYW].[FYWI]C
HEMOPEXIN	[LIFAT][^IL].{2}W.{2,3}[PE].[^VF][LIVMFY][DENQS][STA][AV][LIVMFY]
P_TREFOIL_1	[KRH].{2}C.[FYPSTV].{3,4}[ST].{3}C.{4}CC[FYWH]
CHIT_BIND_I_1	C.{4,5}CCS.{2}G.CG.{3,4}[FYW]C
HOMEOBOX_1	[LIVMFYG][ASLVR].{2}[LIVMSTACN].[LIVM][^Y].{2}[^L][LIV][RKNQESTAIY][LIVFSTNKH]W[FYVC].[NDQTAH].{5}[RKNAIMW]
ZINC_FINGER_C2H2_1	C.{2,4}C.{3}[LIVMFYWC].{8}H.{3,5}H
LEUCINE_ZIPPER	L.{6}L.{6}L.{6}L
NUCLEAR_REC_DBD_1	C.{2}C.{1,2}[DENAVSPHKQT].{5,6}[HNY][FY].{4}C.{2}C.{2}F{2}.R
ANTENNAPEDIA	[LIVMFE][FY]PWM[KRQTA]
ENGRAILED	LMA[EQ]GLYN
PAIRED_1	RPC.{11}CVS
POU_1	[RKQ]R[LIM].[LF]G[LIVMFY].Q.[DNQ]VG
BZIP_BASIC	[KR].{1,3}[RKSAQ]N[^VL].[SAQ]{2}[^L][RKTAENQ].R[^S][RK]
DEAD_ATP_HELICASE	[LIVMF]{2}DEAD[RKEN].[LIVMFYGSTN]
HTH_ARAC_FAMILY_1	[KRQ][LIVMA].{2}[GSTALIV][^FYWPGDN].{2}[LIVMSA].{4,9}[LIVMF].[^PLH][LIVMSTA][GSTACIL][^GPK][^F].[GANQRF][LIVMFY].{4,5}[LFY].{3}[FYIVA][^FYWHCM][^PGVI].{2}[GSADENQKR].[NSTAPKL][PARL]
HTH_CRP_1	[LIVM][STAG][RHNWM].{2}[LIM][GA].[LIVMFYAS][LIVSC][GA].[STACN].{2}[MST].{1,2}[GSTN]R.[LIVMF].{2}[LIVMF]
HISTONE_LIKE	[GSK]F.{2}[LIVMF].{4}[RKEQA].{2}[RST].{1,2}[GA].[KN]P.[TN]
HISTONE_H2A	[AC]GL.FPV
HISTONE_H4	GAKRH
PROTAMINE_P1	[AV]R[NFY]R.{2,3}[ST][^S]S[^NS]S
RIBOSOMAL_L14	[GA][LIV]{3}.{9,10}[DNS]G.{4}[FY].{2}[NT].{2}V[LIV]
RIBOSOMAL_L23	[RK]{2}[AM][IVFYT][IV][RKT]L[STANEQK].{7}[LIVMFT]
RIBOSOMAL_L39E	[KRM][PTKS].{3}[LIVMFG].{2}[NHS].{3}R[DNHY]WR[RS]
RIBOSOMAL_S7	[DENSK].[LIVMDET].{3}[LIVMFTA]{2}.{6}GK[KR].{5}[LIVMF][LIVMFC].{2}[STAC]
RIBOSOMAL_S8	[GE].{2}[LIV]{2}[STY][ST][^A].G[LIVM]{2}.{4}[AG][KRHAYIL]
RIBOSOMAL_S11	[LIVMFR].[GSTACQI][LIVMF].{1,2}[GSTALVM].{0,1}[GSN][LIVMFY].[LIVM].{4}[DEN].[TS][PS].[PA][STCHF][DN]
RIBOSOMAL_S12	[RK].PNS[AR].R
RIBOSOMAL_S17	GD.[LIV].[LIVA].[QEK].[RK]P[LIV]S
RIBOSOMAL_S18	[IVRLP][DYN][YLF].{2,3}[LIVMTPFS].{2}[LIVM].{2}[FYTS][LIVMT][STNQG][DERPN].{1,2}[GYAH][KCR][LIVM].{3}[RHG][LIVMASR]
DNA_MISMATCH_REPAIR_1	GFRGE[AG]L
ADH_ZINC	GHE.[^EL]G[^AP].{4}[GA].{2}[IVSAC]
ADH_IRON_2	[GSW].[LIVTSACD][GH].{2}[GSAE][GSHYQ].[LIVTP][GAST][GAS].{3}[LIVMT].[HNS][GA].[GTAC]
ADH_SHORT	[LIVSPADNK].{9}[^P].{2}Y[PSTAGNCV][STAGNQCIVM][STAGC]K[^PC][SAGFYR][LIVMSTAGD].[^K][LIVMFYW][^D].[^YR][LIVMFYWGAPTHQ][GSACQRHM]
ALDOKETO_REDUCTASE_2	[LIVMFY].{8}[^L][KREQ][^K][LIVM]G[LIVM][SC]N[FY]
ALDOKETO_REDUCTASE_3	[LIVM][PAIV][KR][ST][^EPQG][^RFI].{2}R[^SVAF].[GSTAEQK][NSL].[^LVRI][LIVMFA]
L_LDH	[LIVMA]G[EQ]HG[DN][ST]
D_2_HYDROXYACID_DH_1	[LIVMA][AG][IVT][LIVMFY][AG].G[NHKRQGSAC][LIV]G.{13,14}[LIVMFT][^A].[FYWCTH][DNSTK]
HMG_COA_REDUCTASE_1	[RKH].[^Y][^I].[^I][^L]D.MG.N.[LIVMA]
3HCDH	[DNES].{2}[GA]F[LIVMFYA].[NT]R.{3}[PA][LIVMFY][LIVMFYST].{5,6}[LIVMFYCT][LIVMFYEAH].{2}[GVE]
MDH	[LIVM]T[TRKMN]LD.{2}R[STA].{3}[LIVMFY]
G6P_DEHYDROGENASE	DH[YF]LGK[EQK]
ALDEHYDE_DEHYDR_CYS	[FYLVA].[^GVEP][^DILV]G[QE][^LPYG]C[LIVMGSTANC][AGCN][^HE][GSTADNEKR]
GAPDH	[ASV]SC[NT]T[^S].[LIM]
ACYL_COA_DH_1	[GAC][LIVM][ST]E.{2}[GSAN]G[ST]D.{2}[GSA]
ACYL_COA_DH_2	[QDE].[^P]G[GS].G[LIVMFY].{2}[DEN].{4}[KR].{3}[DEN]
GLFV_DEHYDROGENASE	[LIV].{2}GG[SAG]K.[GV].{3}[DNST][PL]
DHFR_1	[LVAGC][LIF]G.{4}[LIVMF]PW.{4,5}[DE].{3}[FYIV].{3}[STIQ]
PYRIDINE_REDOX_1	GG.C[LIVA].{2}GC[LIVM]P
COX1_CUB	[YWG][LIVFYWTA]{2}[VGS]H[LNP].V.{44,47}HH
COX2	V.H.{33,40}C.{3}C.{3}H.{2}M
MULTICOPPER_OXIDASE1	G.[FYW].[LIVMFYW].[CST].[^PR][^K].{2}[^S].[^LFH]G[LM].{3}[LIVMFYW]
MULTICOPPER_OXIDASE2	HCH.{3}H.{3}[AG][LM]
LIPOXYGENASE_2	[LIVMACST]HP[LIVM].[KRQV][LIVMF]{2}.[AP]H
EXTRADIOL_DIOXYGENAS	[GNTIV].H.{5,7}[LIVMF]Y.{2}[DENTA]P.[GP].{2,3}E
INTRADIOL_DIOXYGENAS	[LIVMF].G.[LIVM].{4}[GS].{2}[LIVMA].{4}[LIVM][DE][LIVMFYC].{6}G.[FY]
CU2_MONOOXYGENASE_1	HHM.{2}F.C
CU2_MONOOXYGENASE_2	H.F.{4}HTH.{2}G
CYTOCHROME_P450	[FW][SGNH].[GD][^F][RKHPT][^P]C[LIVMFAP][GAD]
SOD_CU_ZN_1	[GA][IMFAT]H[LIVF]H[^S].[GP][SDG].[STAGDE]
SOD_MN	D.[WF]EH[STA][FY]{2}
RIBORED_LARGE	W.{2}[LIVF].{6,7}G[LIVM][FYRA][NH].{3}[STAQLIVM][ASC].{2}[PA]
NITROGENASE_1_2	[STANQ][ET]C.{5}GD[DN][LIVMT].[STAGR][LIVMFYST]
THYMIDYLATE_SYNTHASE	R.{2}[LIVMT].{2,3}[FWY][QNYDI].{8,13}[LVESI].PC[HAVMLC].{3}[QMTLHD][FYWL].{0,1}[LV]
N6_MTASE	[LIVMAC][LIVFYWA][^DYP][DN]PP[FYW]
N4_MTASE	[LIVMF]TSPP[FY]
C5_MTASE_1	[DENKS].[FLIV].{2}[GSTC].PC.[^V][FYWLIM]S
C5_MTASE_2	[RKQGTF].{2}GN[SA][LIVF].[VIP].[LVMT].{3}[LIVM].{3}[LIVM]
SHMT	[DEQHY][LIVMFYA].[GSTMVA][GSTAV][ST][STVM][HQ]K[STG][LFMI].[GAS][PGAC][RQ][GSARH][GA]
CARBAMOYLTRANSFERASE	F.[EK].S[GT]RT
THIOLASE_1	[LIVM][NST][^T].C[SAGLI][ST][SAG][LIVMFYNS].[STAG][LIVM].{6}[LIVM]
THIOLASE_3	[AG][LIVMA][STAGCLIVM][STAG][LIVMA]C[^Q][AG].[AG].[AG].[SAG]
CAT	Q[LIV]HH[SA].{2}DG[FY]H
HEXAPEP_TRANSFERASES	[LIV][GAED].{2}[STAV].[LIV].{3}[LIVAC].[LIV][GAED].{2}[STAVR].[LIV][GAED].{2}[STAV].[LIV].{3}[LIV]
PHOSPHORYLASE	EA[SC]G.[GS].MK.{2}[LM]N
PUR_PYR_PR_TRANSFER	[LIVMFYWCTA][LIVM][LIVMA][LIVMFC][DE]D[LIVMS][LIVM][STAVD][STAR][GAC].[STAR]
EPSP_SYNTHASE_1	[LIVF][^LV].[GANQK][NLG][SA][GA][TAI][STAGV][^N]R.[LIVMFYAT].[GSTAP]
AA_TRANSFER_CLASS_1	[GS][LIVMFYTAC][GSTA]K.{2}[GSALVN][LIVMFA].[GNAR][^V]R[LIVMA][GA]
GALACTOKINASE	GR.N[LIV]IG[DE]H.DY
PROTEIN_KINASE_ATP	[LIV]G[^P]G[^P][FYWMGSTNH][SGA][^PW][LIVCAT][^PD].[GSTACLIVMFY].{5,18}[LIVMFYWCSTAR][AIVP][LIVMFAGCKR]K
PROTEIN_KINASE_ST	[LIVMFYC].[HY].D[LIVMFY]K.{2}N[LIVMFYCT]{3}
PROTEIN_KINASE_TYR	[LIVMFYC][^A][HY].D[LIVMFY][RSTAC][^D][^PF]N[LIVMFYC]{3}
PYRUVATE_KINASE	[LIVAC].[LIVM]{2}[SAPCV]K[LIV]E[NKRST].[DEQHS][GSTA][LIVM]
PGLYCERATE_KINASE	[KRHGTCVN][VT][LIVMF][LIVMC]R.D.N[SACV]P
PHOSPHAGEN_KINASE	CP.{0,1}[ST]N[ILV]GT
ADENYLATE_KINASE	[LIVMFYWCA][LIVMFYW]{2}DG[FYI]PR.{3}[NQ]
PRPP_SYNTHASE	D[LIM]H[SANDT].[QS][IMSTAVF][QMLPH][GA][FY]F.{2}P[LIVMFCT]D
RNA_POL_II_REPEAT	Y[ST]P[ST]SP[STANK]
DNA_POLYMERASE_B	[YA][GLIVMSTAC]DTD[SG][LIVMFTC][^LA][LIVMSTAC]
GAL_P_UDP_TRANSF_I	FEN[RK]G.{3}G.{4}HPH.Q
PA2_HIS	CC[^P].H[^LGY].C
PA2_ASP	[LIVMA]C[^LIVMFYWPCST]CD[^GS][^G][^N].[^QS]C
LIPASE_SER	[LIV][^KG][LIVFY][LIVMST]G[HYWV]S[^YAG]G[GSTAC]
COLIPASE_1	Y.{2}YY.C.C
CARBOXYLESTERASE_B_1	F[GR]G.{4}[LIVM].[LIV].G.S[STAG]G
ALKALINE_PHOSPHATASE	[IV].DS[GAS][GASC][GAST][GA]T
FBPASE	[AG][RK][LI].{1,2}[LIV][FY]E.{2}P[LIVM][GSA]
SER_THR_PHOSPHATASE	[LIVMN][KR]GNHE
PDEASE_I_1	HD[LIVMFY].H.[AG].{2}[NQ].[LIVMFY]
RNASE_PANCREATIC	CK.{2}NTF
LACTALBUMIN_LYSOZYME_1	C.{3}C.{2}[LMF].{3}[DEN][LI].{5}C
GLYCOSYL_HYDROL_F31_1	[GFY][LIVMF]W.DM[NSA]E
U_DNA_GLYCOSYLASE	[KR][LIVA][LIVC][LIVM].G[QI]DPY
CARBOXYPEPT_SER_SER	[LIVM].[GSTA]ESY[AG][GS]
CARBOXYPEPT_ZN_1	[PK].[LIVMFY].[LIVMFY].{2}[^E].H[STAG].E.[LIVM][STAG][^L].{5}[LIVMFYTA]
CARBOXYPEPT_ZN_2	H[STAG][^ADNV][^VGFI][^YAR][LIVME][^SDEP].[LIVMFYW]P[FYW]
TRYPSIN_HIS	[LIVM][ST]A[STAG]HC
TRYPSIN_SER	[DNSTAGC][GSTAPIMVQH].{2}G[DE]SG[GS][SAPHV][LIVMFYWH][LIVMFYSTANQH]
SUBTILASE_ASP	[STAIV][^ERDL][LIVMF][LIVM]D[DSTA]G[LIVMFC].{2,3}[DNH]
SUBTILASE_HIS	HG[STM].[VIC][STAGC][GS].[LIVMA][STAGCLV][SAGM]
SUBTILASE_SER	GTS.[SA].P.[^L][STAVC][AG]
THIOL_PROTEASE_CYS	Q[^V].[^DE][GE][^F]C[YW][^DN].[STAGC][STAGCV]
UCH_1	Q.{3}N[SA]CG.{3}[LIVM]{2}H[SA][LIVM][SA]
ASP_PROTEASE	[LIVMFGAC][LIVMTADN][LIVFSA]D[ST]G[STAV][STAPDENQ][^GQ][LIVMFSTNC][^EGK][LIVMFGTA]
ZINC_PROTEASE	[GSTALIVN][^PCHR][^KND]HE[LIVMFYW][^DEHRKP]H[^EKPC][LIVMFYWGSPQ]
INSULINASE	G.{8,9}G.[STA]H[LIVMFY][LIVMC][DERN][HRKL][LMFAT].[LFSTH].[GSTAN][GST]
ASN_GLN_ASE_1	[LIVM].[^L]TGGT[IV][AGS]
UREASE_2	[LIVM]{2}[CT]H[HNG]L.{3}[LIVM].{2}D[LIVM].F[AS]
BETA_LACTAMASE_A	[FY].[LIVMFY][^E]S[TV].K.{3}[^T][AGLM][^D][^KA][LC]
SULFATASE_2	G[YV].[ST].{2}[IVAS]GK.{0,1}[FYWMK][HL]
ACYLPHOSPHATASE_1	[LIV].G.VQ[GH]V.[FM]R
ACYLPHOSPHATASE_2	G[FYW][AVC][KRQAM]N.{3}G.V.{5}G
ATPASE_ALPHA_BETA	P[SAP][LIV][DNH][^LKGN][^F][^S]S[^DCPH]S
ATPASE_GAMMA	[IV]T.E.{2}[DE].{3}GA.[SAKR]
ATPASE_E1_E2	DKTGT[LIVM][TI]
CUTINASE_1	P.[STA].[LIV][IVT].[GS]GYS[QL]G
OMPDECASE	[LIVMFTAR][LIVMF].D.K.{2}D[IV][ADGP].T[CLIVMNTA]
RUBISCO_LARGE	G.[DN]F.K.DE
ALDOLASE_CLASS_I	[LIVM].[LIVMFYW]EG.[LSI]LK[PA][SN]
ALDOLASE_KDPG_KHG_1	G[LIVM].{3}E[LIV]T[LF]R
ALDOLASE_KDPG_KHG_2	G.{3}[LIVMF]K[LF]FP[SA].{3}G
ISOCITRATE_LYASE	K[KR]CGH[LMQR]
ALPHA_CA_1	SE[HN].[LIVM].{4}[FYH].{2}E[LIVMGA]H[LIVMFA]{2}
FUMARATE_LYASES	GS.{2}M.[^RS]K.N
ENOLASE	[LIVTMS][LIVP][LIV][KQ].[ND]Q[INV][GA][ST][LIVM][STL][DERKAQG][STA]
DEHYDRATASE_SER_THR	[DESH].{4,5}[STVG][^EVKD][AS][FYI]K[DLIFSA][RLVMF][GA][LIVMGA]
ENOYL_COA_HYDRATASE	[LIVM][STAG].[LIVM][DENQRHSTA]G.{3}[AG]{3}.{4}[LIVMST].[CSTA][DQHP][LIVMFYA]
TRP_SYNTHASE_ALPHA	[LIVM]E[LIVM][GQ].[PALT][FYCHTWP][STPK][DEKY][PA][LIVMYGK][SGALIMY][DE][GN]
TRP_SYNTHASE_BETA	[LIVMYAHQ].[HPYNVF].G[STA]HK.N.{2}[LIVM].[QEH]
D_ALA_DEHYDRATASE	G.D.[LIVM]{2}[IV]KP[GSA].{2}Y
CSA_PPIASE_1	[FY].{2}[STCNLVA].[FV]H[RH][LIVMNS][LIVM].{2}F[LIVM].Q[AGFT]G
TIM_1	[AVG][YLV]EP[LIVMEPKST][WYEAS][SAL][IV][GN][TEKDVS][GKNAD]
P_GLUCOSE_ISOMERASE_2	[GSA].[LIVMCAYQS][LIVMFYWN].{4}[FY][DNTH]Q.[GA][IV][EQST].{2}K
PG_MUTASE	[LIVM].RHG[EQ].[^Y].N
TOPOISOMERASE_I_EUK	[DEN].{6}[GS][IT]SK.{2}Y[LIVM].{3}[LIVM]
TOPOISOMERASE_II	[LIVMA][^R]EG[DN]SA[^F][STAG]
AA_TRNA_LIGASE_I	P.{0,2}[GSTAN][DENQGAPK].[LIVMFP][HT][LIVMYAC]G[HNTG][LIVMFYSTAGPC]
GLNA_1	[FYWL]DGSS.{6,8}[DENQSTAK][SA][DE].{2}[LIVMFY]
GLNA_ATP	KP[LIVMFYA].{3,5}[NPAT][GA][GSTAN][GA].H.{3}S
GLNA_ADENYLATION	K[LIVM].{5}[LIVMA]D[RK][DN][LI]Y
UBIQUITIN_CONJUGAT_1	[FYWLSP]H[PC][NHL][LIV].{3,4}G.[LIVP]C[LIV].{1,2}[LIVR]
GARS	R[LF]GDPE.[EQIM]
IPNS_1	[RK].[STA].{2}S.CY[SL]
IPNS_2	[LIVM]{2}.CG[STA].{2}[STAG].{2}T.[DNG]
TPP_ENZYMES	[LIVMF][GSA].{5}P.{4}[LIVMFYW].[LIVMF].GD[GSA][GSAC]
BIOTIN	[GDN][DEQTR].[LIVMFY].{2}[LIVM].[AIV]MK[LVMAT].{3}[LIVM].[SAV]
LIPOYL	[GDN].{2}[LIVF].{3}[^VH][^M][LIVMFCA].{2}[LIVMFA][^LDFY][^KPE].K[GSTAIVW][STAIVQDN].{2}[LIVMFS].{5}[GCN].[LIVMFY]
CYTOCHROME_B5_1	[FY][LIVMK][^I][^Q]HP[GA]G
THIOREDOXIN_1	[LIVMF][LIVMSTA].[LIVMFYC][FYWSTHE].{2}[FYWGTN]C[GATPLVE][PHYWSTA]C[^I].[^A].{3}[LIVMFYWT]
GLUTAREDOXIN_1	[LIVMD][FYSA].{4}C[PV][FYWH]C.{2}[TAV].{2,3}[LIV]
COPPER_BLUE	[GA].{0,2}[YSA].{0,1}[VFY][^SEDT]C.{1,2}[PG].{0,1}H.{2,4}[MQ]
2FE2S_FER_1	C[^C][^C][GA][^C]C[GAST][^CPDEKRHFYW]C
4FE4S_FER_1	C.[^P]C[^C].C[^CP].[^C]C[PEG]
FLAVODOXIN	[LIV][LIVFY][FY].[ST][^V].[AGC].T[^P].{2}A[^L].[LIV]
RUBREDOXIN	[LIVM].[^G][^R]W.CP.C[AGD]
METALLOTHIONEIN_VRT	C.C[GSTAP].{2}C.C.{2}C.C.{2}C.K
FERRITIN_2	D.{2}[LIVMF][STACQV][DH][FYMI][LIV][EN].{2}[FYC]L.{6}[LIVMQ][KNER]
TRANSFERRIN_LIKE_1	Y.{0,1}[VAS]V[IVAC][IVA][IVA][RKH][RKS][GDENSA]
TRANSFERRIN_LIKE_2	[YI].GA[FLI][KRHNQS]CL.{3,4}G[DENQ]V[GAT][FYW]
TRANSFERRIN_LIKE_3	[DENQK][YF].[LY]LC.[DN].{5,8}[LIV].{4,5}C.{2}A.{4}[HQR].[LIVMFYW][LIVM]
PLANT_GLOBIN	[SN]P.[LV].{2}HA.{3}F
HEMOCYANIN_1	Y[FYW].ED[LIVM].{2}N.{6}H.{3}P
HEMOCYANIN_2	T.{2}RDP.[FY][FYW]
ABC_TRANSPORTER_1	[LIVMFYC][SA][SAPGLVFYKQH]G[DENQMW][KRQASPCLIMFW][KRNQSTAVM][KRACLVM][LIVMFYPAN][^PHY][LIVMFW][SAGCLIVP][^FYWHP][^KRHP][LIVMFYWSTA]
ALBUMIN_1	[FY].{6}CC.{2}[^C].{4}C[LFY].{6}[LIVMFYW]
LIPOCALIN	[DENG][^A][DENQGSTARK].{0,2}[DENQARK][LIVFY][^CP]G[^C]W[FYWLRH][^D][LIVMTA]
FABP	[GSAIVK][^FE][FYW].[LIVMF].{2}[^K].[NHG][FY][DE].[LIVMFY][LIVM][^N][^G][LIVMAKR]
SUGAR_TRANSPORT_1	[LIVMSTAG][LIVMFSAG][^SH][^RDE][LIVMSA][DE][^TD][LIVMFYWA]GR[RK].{4,6}[GSTA]
SUGAR_TRANSPORT_2	[LIVMF].G[LIVMFA][^V].G[^KP].{7}[LIFY].{2}[EQ].{6}[RK]
AMINO_ACID_PERMEASE_1	[STAGC]G[PAG].{2,3}[LIVMFYWA]{2}.[LIVMFYW].[LIVMFWSTAGC]{2}[STAGC].{3}[LIVMFYWT].[LIVMST].{3}[LIVMCTA][GA]E.{5}[PSAL]
ANION_EXCHANGER_1	FGG[LIVM]{2}[KR]D[LIVM][RK]RRY
ANION_EXCHANGER_2	[FI]LISLIFIYETF.KL
MIP	[HNQA][^D]NP[STA][LIVMF][ST][LIVMF][GSTAFY]
IGFBP_N_1	[GP]C[GSET][CE][CA].{2}C[ALP].{6}C
ANNEXIN	[TG][STV].{8}[LIVMF].{2}R.{3}[DEQNH].{2}[^S].{4}[IFY].{7}[LIVMF].{3}[LIVMF].{5}[^I].{5}[LIVMFA].{2}[LIVMF]
CLATHRIN_LIGHT_CHN_1	FLA[QH][QE]ES
IF_ROD_1	[IV][^K][TACI]Y[RKH][^E][LM]L[DE]
TUBULIN	[SAG]GGTG[SA]G
TUBULIN_B_AUTOREG	<MR[DE][IL]
TAU_MAP_1	GS.{2}N.{2}H.[PA][AG]G{2}
MAP1B_NEURAXIN	[STAGDN]Y.YE[^AV][^L][DE][KR][STAGCI]
F_ACTIN_CAPPING_BETA	C[DE][YF]NRD
CADHERIN_1	[LIV].[LIV].D.ND[NH].P
CHIT_BIND_RR_1	G.{7}[DEN]G.{6}[FY].A[DNG].{2,3}G[FY].[APV]
GAS_VESICLE_A_1	[LIVM].[DE][LIVMFYT][LIVM][DE].[LIVM]{2}[DKR]{2}G.[LIVMA][LIVM]
GAS_VESICLE_C	FL.{2}T.{3}R.{3}A.{2}Q.{3}L.{2}F
NEUROTR_ION_CHANNEL	C.[LIVMFQ].[LIVMF].{2}[FY]P.D.{3}C
G_PROTEIN_RECEP_F1_1	[GSTALIVMFYWC][GSTANCPDE][^EDPKRH].[^PQ][LIVMNQGA][^RK][^RK][LIVMFT][GSTANC][LIVMFYWSTAC][DENH]R[FYWCSH][^PE].[LIVM]
OPSIN	[LIVMFWAC][PSGAC].[^G].[SAC]K[STALIMR][GSACPNV][STACP].{2}[DENF][AP].{2}[IY]
RECEPTOR_TYR_KIN_II	[DN][LIV]Y.{3}YYR
RECEPTOR_TYR_KIN_III	G.H.N[LIVM]VNLLGACT
INTEGRIN_ALPHA	[FYWS][RK].GFF.R
INTEGRIN_BETA	C.[GNQ].{1,3}G.C.C.{2}C.C
REACTION_CENTER	[NQH].{4}P.H.{2}[SAG].{11}[SAGC].H[SAG]{2}
PHYTOCHROME_1	[RGS][GSA][PV]H.CH.{2}Y
WNT1	C[KR]CHG[LIVMT]SG.C
HBGF_FGF	G.[LIM].[STAGP].{6,7}[DENA]C.[FLM].[EQ].{6}Y
NGF_1	[GSRE]C[KRL]G[LIVT][DE].{3}[YW].S.C
PDGF_1	P[PSR]CV.{3}RC[GSTA]GCC
TGF_BETA_1	[LIVM].{2}P.{2}[FY].{4}C.G.C
TNF_1	[LV].[LIVM][^V].[^L]G[LIVMF]Y[LIVMFY]{2}.{2}[QEKHL][LIVMGT].[LIVMFY]
INTERFERON_A_B_D	[FYH][FY].[GNRCDS][LIVM].{2}[FYL]L.{7}[CY][AT]W
INTERLEUKIN_1	[FC].S[ASLV].{2}P.{2}[FYLIV][LI][SCA]T.{7}[LIVM]
INTERLEUKIN_6	C.{9}C.{6}GL.{2}[FY].{3}L
INTERLEUKIN_7_9	N.[LAP][SCT]FLK.LL
AKH	Q[LV][NT][FY][ST].{2}W
BOMBESIN	WA.G[SH][LF]M
CALCITONIN	C[SAGDN][STN].{0,1}[SA]TC[VMA].{3}[LYF].{3}[LYF]
GASTRIN	Y.{0,1}[GD][WH]M[DR]F
GLUCAGON	[YH][STAIVGD][DEQ][AGF][LIVMSTE][FYLR].[DENSTAK][DENSTA][LIVMFYG].{8}[^K][KREQL][KRDENQL][LVFYWG][LIVQ]
GLYCO_HORMONE_BETA_1	C[STAGM]G[HFYL]C.[ST]
INSULIN	CC[^P][^P].C[STDNEKPI].{3}[LIVMFS].{3}C
NATRIURETIC_PEPTIDE	CFG.{3}[DEA][RH]I.{3}S.{2}GC
NEUROHYPOPHYS_HORM	C[LIFY][LIFYV].N[CS]P.G
PANCREATIC_HORMONE_1	[FY].{3}[LIVM].{2}Y.{3}[LIVMFY].R.R[YF]
SOMATOTROPIN_1	C.[STN].{2}[LIVMFYS].[LIVMSTA]P.{5}[TALIV].{7}[LIVMFY].{6}[LIVMFY].{2}[STACV]W
TACHYKININ	F[IVFY]G[LM]M[G>]
CECROPIN	W.{0,2}[KDN][^Q][^L]K[KRE][LI]E[RKN]
DEFENSIN	C.C.{3,5}C.{7}G.C.{9}CC
ENDOTHELIN	C.C.{4}D.{2}C.{2}[FY]C
THIONIN	CC.{5}R.{2}[FY].{2}C
SNAKE_TOXIN	GC.{1,3}CP.{8,10}CC.{2}[PDEN]
ENTEROTOXIN_H_STABLE	CC.{2}CC.PAC.GC
AEROLYSIN	[KT].{2}NW.{2}T[DN]T
SHIGA_RICIN	[LIVMA].[LIVMSTA]{2}.E[SAGV][STAL]R[FY][RKNQST].[LIVM][EQS].{2}[LIVMF]
CHANNEL_COLICIN	T.{2}W.P[LIVMFY]{3}.{2}E
STAPH_STREP_TOXIN_1	YGG[LIV]T[^I][^N].{2}N
STAPH_STREP_TOXIN_2	K.{2}[LIVF].{4}[LIVF]D.{3}R.{2}L.{5}[LIV]Y
MACPF_1	Y.{6}[FY]GTH[FY]
BPTI_KUNITZ_1	F.{2}[^I]GC.{6}[FY].{5}C
BOWMAN_BIRK	C.{5,6}[DENQKRHSTA]C[PASTDH][PASTDK][ASTDV]C[NDEKS][DEKRHSTA]C
KAZAL_1	C.{4}[^C].{2}C.[^A].{4}Y.{3}C.{2,3}C
SOYBEAN_KUNITZ	[LIVM].D[^EK][EDNTY][DG][RKHDENQ].[LIVM].[^E][^Q].{2}Y.[LIVM]
SERPIN	[LIVMFY][^G][LIVMFYAC][DNQ][RKHQS][PST]F[LIVMFY][LIVMFYC].[LIVMFAH]
POTATO_INHIBITOR	[FYW]P[EQH][LIV]{2}G.{2}[STAGV].{2}A
SQUASH_INHIBITOR	CP.{5}C.{2}[DN].DC.{3}C.C
CYSTATIN	[GSTEQKRV]Q[LIVT][VAF][SAGQ]G[^DG][LIVMNK][^TK].[LIVMFY][^S][LIVMFYA][DENQKRHSIV]
TIMP	C.C.P.HPQ.{2}[FIV]C
PTX_1	H.C.[ST]W.[ST]
IG_MHC	[FY][^L]C[^PGAD][VA][^LC]H
PRION_1	AGAAAAGAVVGGLGGY
CYCLINS	R.{2}[LIVMSA].{2}[FYWS][LIVM].{8}[LIVMFC].{4}[LIVMFYA].{2}[STAGC][LIVMFYQ].[LIVMFYC][LIVMFY]D[RKH][LIVMFYW]
PCNA_2	[RKA]C[DE][RH].{3}[LIVMF].{3}[LIVM].[SGAN][LIVMF].K[LIVMF]{2}
PRENYLATION	C[^DENQ][LIVM].>
ARRESTINS	[FY]RYG.[DE]{2}.[DE][LIVM]{2}G[LIVM].F.[RK][DEQ][LIVM]
CHAPERONINS_CPN60	A[AS][^L][DEQ]E[^A][^Q][^R].GG[GA]
HSP70_1	[IV]DLGT[ST].[SC]
HSP90	Y.[NQHD][KHR][DE][IVA]F[LM]R[ED]
UBIQUITIN_1	K.{2}[LIVM].[DESAK].{3}[LIVM][PAQ].{3}Q.[LIVM][LIVMC][LIVMFY].G.{4}[DE]
SRP54	P[LIVM].[FYL][LIVMAT][GS][^Q][GS][EQ].[^K].{2}[LIVMF]
G_TR_1	D[KRSTGANQFYW].{3}E[KRAQ].[RKQD][GC][IVMK][ST][IV].{2}[GSTACKRNQ]
IF5A_HYPUSINE	[PT]GKHG.AK
S100_CABP	[LIVMFYW]{2}.{2}[LKQ]D.{3}[DN].{3}[DNSG][FY].[ES][FYVC].{2}[LIVMFS][LIVMF]
SASP_1	K.E[LIV]A.[DE][LIVMF]G[LIVMF]
11S_SEED_STORAGE	NG.[DE]{2}.[LIVMF]C[ST].{11,12}[PAG]D
CASEIN_ALPHA_BETA	CL[LV]A.A[LVF]A
LECTIN_LEGUME_BETA	[LIV][STAG]V[DEQV][FLI]D[ST]
LECTIN_LEGUME_ALPHA	[LIV][^LA][EDQ][FYWKR]V[^VF][LIVF]G[LF][ST]
LAMP_1	[STA]C[LIVM][LIVMFYW]A.[LIVMFYW].{3}[LIVMFYW].{3}Y
LAMP_2	C.{2}D.{3,4}[LIVM]{2}P[LIVM].[LIVM]G.{2}[LIVM].G[LIVM]{2}.[LIVM]{4}A[FY].[LIVM].{2}[KR][RH].{1,2}[STAG]{2}Y[EQ]
GLYCOPHORIN_A	II.[GAC]VMAG[LIVM]{2}
SVP_I	[IVM].GQD.VK.{5}[KN]G.{3}[STLV]
ICE_NUCLEATION	AGYGST.T
DEHYDRIN_1	S{4}[SD][DE].[DE][GVE].{1,7}[GE].{0,2}[KR]{4}
THAUMATIN_1	G.[GF].C.T[GA]DC.{1,2}[GQ].{2,3}C
HMG_COA_REDUCTASE_2	[LIVM]G.[LIVM]GG[AG]T
APP_CUBD	G[VT][EK][FY]VCCP
APP_INTRA	GYENPTY[KRS]
RECA_1	AL[KR][IF][FY][STA][STAD][LIVMQ]R
HISTONE_H3_1	KAPRK[QH][LI]
RIBOSOMAL_S19	[STDNQ]G[KRNQMHSI].{6}[LIVM].{4}[LIVMC][GSD].{2}[LFI][GAS][DE][FYM].{2}[ST]
ASPARTOKINASE	[LIVM].K[FY]GG[ST][SC][LIVM]
TROPOMYOSIN	LK[EAD]AE.RA[ET]
BACTERIAL_OPSIN_RET	[FYIV][^ND][FYVG][LIVM]D[LIVMF].[STA]K.[^K][FY]
HCP	HRHRGH.{2}[DE]{7}
HSP70_2	[LIVMF][LIVMFY][DN][LIVMFS]G[GSH][GS][AST].{3}[ST][LIVM][LIVMFC]
HEMOLYSIN_CALCIUM	D.[LI].{4}G.D.[LI].GG.{3}D
MALIC_ENZYMES	[FM].[DV]D.{2}[GS]T[GSA].[IV].[LIVMAT][GAST][GASTC][LIVMFA][LIVMFY]
SOD_CU_ZN_2	G[GNHD][SGA][GR].R.[SGAWRV]C.{2}[IV]
DNA_LIGASE_A2	EG[LIVMA][LIVM][LIVMA][KR].{5,8}[YW][QNEKTI].{2,6}[KRH].{3,5}K[LIVMFY]K
PARATHYROID	VSE.Q.{2}H.{2}G
BETA_LACTAMASE_C	[FY]E[LIVM]GS[LIVMG][SA]K
BETA_LACTAMASE_D	[PA].S[ST]FK[LIV][PALV].[STA][LI]
SOMATOTROPIN_2	C[LIVMFY][^PT].D[LIVMFYSTA].[^S][^RK][^A].[LIVMFY].{2}[LIVMFYT].{2}C
SURFACT_PALMITOYL	IPCCPV
MICROBODIES_CTER	[STAGCN][RKH][LIVMAFY]>
GATA_ZN_FINGER_1	C.[DNEHQSTI]C.{4,6}[ST].{2}[WM][HR][RKENAMSLPGQT].{3,4}[GNEP].{3,6}C[NES][ASNR]C
ETS_DOMAIN_1	L[FYW][QEDH]F[LI][LVQK][^N][LI]L
ETS_DOMAIN_2	[RKHN].{2}M.Y[DENQ].[LIVM][STAG]R[STAG][LI]R.Y
PARP_ZN_FINGER_1	C[KR].C.{3}I.[KAL].{3}[RG].{16,18}W[FYH]H.{2}C
P53	MCNSSC[MV]GGMNRR
CTF_NFI_1	RKRKYFKKHEKR
MADS_BOX_1	[RGS].[RKS].{5}[IL].[DNGSK].{3}[KR].{2}T[FY].[RK]{3}.{2}[LIVM].[KE]K[AT].[EQ][LIVM][STA].L.{4}[LIVM].[LIVM][LIVMT][LIVM].{6}[LIVMFC].{2}[FYLS]
TFIID	Y.[PK].{2}[IF].{2}[LIVM]{2}.[KRH].{3}P[RKQ].{3}L[LIVM]F.[STN]G[KR][LIVMA].{3}G[TAGL][KR].{7}[AGCS].{7}[LIVMF]
CSD_1	[FYKH]G[FL][IL].{6,7}[DER][LIVM][FQ].H.[STKR].[LIVMFYC]
HMG_BOX_1	[FI]S[KR]KC.[EK]RWKT[MV]
HMGI_Y	[AT].{1,2}[RK]{2}[GP]RGRP[RK].
HMG14_17	[RQ]RSA[RS]LSA[RKM][PL]
HTH_LACI_1	[LIVM].[DE][LIVM]A.{2}[STAGV].V[GSTP].{2}[STAG][LIVMA].{2}[LIVMFYAN][LIVMC]
HISTONE_H2B	[KR]E[LIVM][EQ]T.{2}[KR].[LIVM]{2}.[PAG][DE]L.[KR]HA[LIVM][STA]EG
RIBOSOMAL_L5	[LIVM].{2}[LIVM][STAVC][GE][QV].{2}[LIVMA].[STC].[STAG][KRH].[STA]
RIBOSOMAL_L11	[RKN].[LIVM].G[ST].{2}[SNQ][LIVM]G.[^M][LIVM].{0,1}[DENG]
RIBOSOMAL_S9	[GS]GG.{2}[GSA][QK].{2}[SA].{3}[GSA].[GSTAV][KR][GSALVD][LIFV]
RIBOSOMAL_S10	[AV].{3}[GDNSR][LIVMSTAG].{3}GP[LIVM].[LIVM]PT
RIBOSOMAL_S15	[LIVM].{2}H[LIVMFY].{3}[^S].D.{2}[STAGN].{3}[LF].{2}[^A].{6}[LIVM].{2}[FY]
BACTERIAL_PQQ_1	[DEN][WV].{3}G[RKNM].{6}[FYW][SV].{4}[LIVM]N.{2}NV.{2}L[RKT]
BACTERIAL_PQQ_2	W.{4}[YF]D.{3}[DN][LIVMFYT][LIVMFY]{3}.{2}G.{2}[STAG][PVT]
NIR_SIR	[STVN]GC.{3}C.{6}[DE][LIVMF][GAT][LIVMF]
URICASE	[LV].[LV][LIV]K[STV][ST].[SN].F.{2}[FY].{4}[FY].{2}L.{5}R
BH4_AAA_HYDROXYL_1	PD.{2}H[DE][LIVF][LIVMFY]GH[LIVMC][PA]
RIBORED_SMALL	[IVMSEQ]E.{1,2}[LIVTA][HY][GSA].[STAVM]Y.{2}[LIVMQ].{3}[LIVFY][IVFYCSA]
PTS_HPR_HIS	G[LIVM]H[STAV]R[PAS][GSTA][STAMVN]
PEP_ENZYMES_PHOS_SITE	G[GA].[STN].H[STA][STAV][LIVM]{2}[STAV][RG]
PTS_EIIA_TYPE_1_HIS	G.{2}[LIVMFA][LIVMF]{2}H[LIVMF]G[LIVMF].T[LIVA]
PTS_EIIA_TYPE_2_HIS	[DENQ].{6}[LIVMF][GA].{2}[LIVM]A[LIVM]PH[GAC]
GART	G.[STMC][IVTL].[FYWVQELKR][VMAT].[DEVMKAI].[LIVMY]D.G.{2}[LIVTYA].{6}[LIVM]
MGMT	[LIVMF]PCHR[LIVMF]{2}
UDPGT	[FW].{2}[QL].{2}[LIVMYA][LIMV].{4,6}[LVGAC][LVFYAHM][LIVMF][STAGCM][HNQ][STAGC]G.{2}[STAG].{3}[STAGL][LIVMFA].{4,5}[PQR][LIVMTA].{3}[PA].{2,3}[DES][QEHNR]
ADOMET_SYNTHASE_1	[GN][AS]GDQG.{3}G[FYHG]
ADOMET_SYNTHASE_2	G[GA]G[ASC][FY]S.K[DE]
HEXOKINASE_1	[LIVM]GF[TN]FS[FY]P.{5}[LIVM][DNST].{3}[LIVM].{2}WTK.[LF]
CDP_ALCOHOL_P_TRANSF	DG.{2}AR.{7,8}G.{3}D.{3}D
RHODANESE_1	[FY].{3}H[LIV]PGA.{2}[LIVF]
CLP_PROTEASE_SER	T.{2}[LIVMF]G.A[SAC]S[MSA][PAG][STA]
CLP_PROTEASE_HIS	R.{3}[EAP].{3}[LIVMFYT][LM][LIVM]HQP
TYR_PHOSPHATASE_1	[LIVMF]HC.{2}G.{2}R[STC][STAGP]
PROKAR_ZN_DEPEND_PLPC_1	HY.[GT]D[LIVMAF][DNSH].P.H[PA].N
ALPHA_L_FUCOSIDASE	P.{2}L.{3}KWE.C
PPASE	D[SGDN]D[PE][LIVMF]D[LIVMGAC]
PROTEASOME_ALPHA_1	[FYNAGS].{4}[STNLV].[FYW]S[PDS].{0,1}G[RKHDS].{2}Q[LIVA][DENR][YH][GSAD].{2}[GSAG]
ATPASE_DELTA	[LIVM].[LIVMFYT].{3}[LIVMT][DENQK].[^G][LIVM].[GSA]G[LIVMFYGA][^S][LIVM][KRHENQ].[GSEN]
ATPASE_NA_K_BETA_1	[FYWMV].{2}[FYWM].[FYW][DN].{6}[LIVMF][GA]RT.{3}[WRL]
ATPASE_NA_K_BETA_2	[RK].{2}C[RKQWI].{5}L.{2}C[SA]G
DDC_GAD_HDC_YDC	S[LIVMFYW].[^KG].{3}K[LIVMFYWGH][LIVMFYWG].[^R].[LIVMFYW][^V][CA].{2}[LIVMFYWQ][^K].[RK]
PEPCASE_2	[IVLC]M[LIVM]GYSDS.K[DF][STAG]G
DNA_PHOTOLYASES_1_1	TG.P[LIVM]{2}DA.M[RA].[LIVM]
ALANINE_RACEMASE	[SACVLG][AIPTV].{0,1}K[ADGS][DEN][GA]YG[HACILN][GD]
TOPOISOMERASE_I_PROK	[EQ].LY[DEQSTLM].{3,12}[LIVST][ST]Y.R[ST][DEQSN]
RECOMBINASES_1	Y[LIVAC]R[VA]S[ST].{2}Q
RECOMBINASES_2	G[DE].{2}[LIVM][^E].[^V][LIVM][DT]R[LIVM][GSA]
SUCCINYL_COA_LIG_2	G.{2}A.{4,7}[RQT][LIVMF]GH[AS][GH]
LBP_BPI_CETP	[PA][GA][LIVMC].{2}R[IV][ST].{3}L.{5}[EQAV].{4}[LIVM][EQK].{8}P
PROK_SULFATE_BIND_1	K.[NQEK][GT]G[DQ].[LIVM].{3}QS
43_KD_POSTSYNAPTIC	GQDQTKQQI
ACTINS_1	[FY][LIV][GV][DE]E[ARV][QLAH].{1,2}[RKQ]{2}[GD]
CONNEXINS_1	C[DNH][TL].[QT]PGC.{2}[VAIL]C[FY]D
CONNEXINS_2	C.{3,4}PC.{2,3}[LIVMTA][DENT]C[FYN][LIVMQ][SA][KRH]P
PROKAR_NTER_METHYL	[KRHEQSTAG]G[FYLIVM][ST][LT][LIVP]E[LIVMFWSTAG]{14}
G_DYNAMIN_1	LP[RKT][GD][STNKEA][GND][LIVMG][VICA]TR
KINESIN_MOTOR_1	[GSAT][KRHPSTQVME][LIVMFY].[LIVMF][IVC][DN][LS][AH]G[SAN]E
NEUROMODULIN_1	<MLCC[LIVM]RR
NEUROMODULIN_2	SFRGHI.RKK[LIVM]
PROFILIN	<.{0,1}[STA].{0,1}W[DENQH].[YI].[DEQ]
SYNAPSIN_1	LRRRLSDS
SYNAPSIN_2	GHAH[SA]GMGK[IV]K
SYNAPTOBREVIN	[NT][LIVMF][DENSTG][KLNRGS][VAI].[DEQA]R.{2}[KRN][LIVM][STDEA].[LIVM].[DEQGN][KR][TAS][DEAS]
POTEX_CARLAVIRUS_COAT	[RK][FYW]A[GAP]FD.F.{2}[LV].{3}[GASTY][GASTV]
PHOTOSYSTEM_I_PSAAB	CDGP[GE]RGGTC
SRCR_1	[GNRVM].{5}[GLKA].{2}[EQ].{6}[WPS][GLKH].{2}C.{3}[FYW].{8}[CM].{3}G
TM4_1	[GC].{3}[LIVMFS].{2}[GSA][LIVMFTC][LIVMFA]G[CLYI].[GA][STAPL].{2}[EGAR].{2}[CWNLF][LIVMGA][LIVM]
GRANINS_1	[DE][SN]L[SAN][^EGI][^ELT][DE].EL
GRANINS_2	C[LIVM]{2}E[LIVM]{2}S[DN][STA]L.K.[SN].{3}[LIVM][STA].EC
INTERLEUKIN_2	TE[LF].{2}L.CL.{2}EL
CEREAL_TRYP_AMYL_INH	C.{4}[SAGDV].{4}[SPAL][LF].{2}C[RH].[LIVMFYA]{2}.{3,4}C
DISINTEGRIN_1	C.{2}[GS].CC.{1,2}[NQRSEKD]C.[FMYLVI].{6}C[RKNQ]
FTSW_RODA_SPOVE	[NV].{5}[GTR][LIVMA].P[PTLIVME].G[LIVM].{3}[LIVMFW]{2}S[YSAQ]GG[STN][SA]
STAPHYLOCOAGULASE	ARP.{3}K.S.TNAYNVTT.{2}[DN]G.{3}YG
TONB_DEPENDENT_REC_1	<.{10,115}[DENF][ST][LIVMF][LIVSTEQ]V[^AGPN][AGP][STANEQPK]
SMALL_HYDR_PLANT_SEED	G[EQ]TVVPGGT
ACTINS_2	W[IVC][STAK][RK].[DE]Y[DNE][DE]
PHOSPHOFRUCTOKINASE	[RK].{4}[GAS]H.[QL][QR][GS][GF].{5}[DE][RL]
HSF_DOMAIN	L.{3}[FY]KH.N.[STAN]SF[LIVM]RQL[NH].Y.[FYW][RKH]K[LIVM]
PEROXIDASE_1	[DET][LIVMTA][^NSYL][^RPFC][LIVM][LIVMSTAG][SAG][LIVMSTAG]H[STA][LIVMFY]
PEROXIDASE_2	[SGATV][^D].{2}[LIVMA]R[LIVMA].[FW]H[^V][SAC]
CATALASE_1	R[LIVMFSTAN]F[GASTNP]Y.D[AST][QEH]
CATALASE_2	[IF].[RH].{4}[EQ]R.{2}H.{2}[GAS][GASTFY][GAST]
ACYLTRANSF_C_1	[LI][PK].[LVPQ]P[IVTAL]P.[LIVMA].[DENQAS][ST][LIVMA].{2}[LY]
ACYLTRANSF_C_2	R[FYW].[DA][KA].{0,1}[LIVMFY].[LIVMFY]{2}.{3}[DNS][GSA].{6}[DE][HS].{3}[DE][GAC]
CHALCONE_SYNTH	R[LIVMFYS].[LIVM].[QHG].GC[FYNA][GAPV]G[GAC][STAVK].[LIVMF][RAL]
POLYPRENYL_SYNTHASE_2	[LIVMFY]G.{2}[FYL]Q[LIVM].DD[LIVMFY].[DNG]
FGGY_KINASES_2	[GSA].[LIVMFYW][^D]G[LIVM].{7,8}[HDENQ][LIVMF][^PEQ][^DTAI][AS][STALIVM][LIVMFY][DEQ]
RNA_POL_D_30KD	N[SGAT][LIVMF]RR.{9}[SAR].{3}[VA].{4}N.[STA].{3}[DN]E.[LIV][GSA].R[LI][GAS][LIVM]{2}[PV]
DNA_POLYMERASE_A	R.{2}[GSAV]K.{3}[LIVMFY][AGQ].{2}Y.{2}[GS].{3}[LIVMA]
CLOS_CELLULOSOME_RPT	D[LIVMFY][DNV].[DNS].{2}[LIVM][DN][SALM].D.{3}[LIVMF].[RKS].[LIVMF]
ATPASE_A	[STAGN][^E][STAG][LIVMF]RL[^LP][SAGV]N[LIVMT]
ACONITASE_1	[LIVM].{2}[GSACIVM].[LIV][GTIV][STP]C.{0,1}TN[GSTANI].{4}[LIVMA]
PATHOGENESIS_BETVI	G.{2}[LIVMF].{4}E.{2,3}[CSTAENV].{8,9}[GNDS][GS]{2}[CS].{2}[KT].{4}[FY]
GUANYLATE_CYCLASE_1	[GD][VI][LIVM].{0,1}[GS].{5}[FY].[LIVM][FYWL][GS][DNTHKWE][DNTAS][IV][DNTAY].{5}[DEC]
AMP_BINDING	[LIVMFY][^E][^VES][STG][STAG]G[ST][STEI][SG].[PASLIVM][KR]
NA_SOLUT_SYMP_1	[GS].{2}[LIY].{3}[LIVMFYWSTAG]{7}.{3}[LIY][STAV].{2}GG[LMF].[SAP]
NA_SOLUT_SYMP_2	[GAST][LIVM].{3}[KR].{4}GA.{2}[GAS][LIVMGS][LIVMW][LIVMGAT]G.[LIVMGA]
ANF_RECEPTORS	GP.C.Y.AA.V.R.{3}HW
MYOTOXINS_1	K.CH.K.{2}HC.{2}K.{3}C.{8}K.{2}C.{2}[RK].KCCKK
GLUTATHIONE_PEROXID_1	[GNDRC][RKHNQFYCS].[LIVMFCS][LIVMF]{2}.N[VT].[STCA].[CU][GA].[TA]
6PGD	[LIVM].[DG].{2}[GAEHS][NQSD][KS]G[TE]G.W
G_GLU_TRANSPEPTIDASE	T[STA]H.[ST][LIVMA].{4}G[SN].V[STA].T.T[LIVM][NE].{1,2}[FY]G
ZN2_CY6_FUNGAL_1	[GASTPV]C.{2}C[RKHSTACW].{2}[RKHQ].{2}C.{5,12}C.{2}C.{6,8}C
RIBOSOMAL_L22	[RKQN].{2}[^G].[RH][GAS].G[KRQS].{8}[^L][HDN][LIVM][^A][LIVMS].[LIVM]
POU_2	SQ[STK][TA]I[SC]R[FH][ET].[LSQ].{0,1}[LIR][ST]
ZF_TFIIS_1	C.{2}C.{9}[LIVMQSART][QH][STQLMI][RA][SACR].[DE][DET][PGSEAM].{6}C.{2,5}C.{3}[FWE]
RIBOSOMAL_L2	P.{2}RG[STAIV]{2}.N[APK].[DE]
COBALAMIN_BINDING	[SN][VT]DT[GAME]A[LIVM][AV].[LM]A[LIVMF][ST]C
NDP_KINASES	N.{2}H[GA]SD[GSA][LIVMPKNE]
IDH_IMDH	[NSK][LIMYTV][FYDNH][GEA][DNGSTY][IMVYL].[STGDN][DN].{1,2}[SGAP].{3,4}[GE][STG][LIVMPA][GA][LIVMF]
SMALL_CYTOKINES_CXC	C.C[LIVMS].{4,6}[LIVMFY].{2}[RKSEQNA].[LIVM].{2}[LIVMA].{5}[STAG].{2}C.{3}[EQ][LIVM]{2}.{9,10}C[LV][DN]
SMALL_CYTOKINES_CC	CC[LIFYTRQ].{5,8}[LIR].{4}[LIVMFA].{2}[FYWECI].{5,8}C.{3,4}[SAG][LIVM]{2}[FL].{7,9}C[STAV]
GNRH	Q[HY][FYW]S.{4}PG
RIBOSOMAL_L3	[FL].{6}[DN].{2}[AGS].[ST].G[KRH]G.{2}G.{3}R
RIBOSOMAL_L15	[KR][LIVM]{2}[GASL].[GT].[LIVMA].{2,5}[LIVMF].[LIVMF].{3,4}[LIVMFCA][ST].{2}A.{3}[LIVM].{3}G
FATTY_ACID_DESATUR_1	GE.[FYN]HN[FY]HH.FP.DY
ALPHA_2_MACROGLOBULIN	[PG].[GS]C[GA]E[EQ].[LIVM]
LIM_DOMAIN_1	C.{2}C.{15,21}[FYWHPCR]H.{2}[CH].{2}C.{2}C.{3}[LIVMF]
ZF_DAG_PE_1	H.[LIVMFYW].{8,11}C.{2}C.{3}[LIVMFC].{5,10}C.{2}C.{4}[HD].{2}C.{5,9}C
CITRATE_SYNTHASE	G[FYAV][GA]H.[IV].{1,2}[RKTQ].{2}[DV][PS]R
THIOL_CYTOLYSINS	[RK]ECTGL.WEWW[RK]
DIHYDROOROTASE_1	D[LIVMFYWSAP]H[LIVA]H[LIVF][RN].[PGANF]
DIHYDROOROTASE_2	[GAVS][ST]D.APH.{4}K
THYROGLOBULIN_1_1	[FYWHPVAS].{3}C.{3,4}[SG].[FYW].{3}Q.{5,12}[FYW]C[VA].{3,4}[SG]
A_DEAMINASE	[SA][LIVM][NGS][STA]DDP
DNA_MISMATCH_REPAIR_2	[STA][LIVMF].[LIVM].DE[LIVMFY][GCA][RKHAS][GS][GST].{4}G
IMP_DH_GMP_RED	[LIVMT][RK][LIVM]G[LIVM]G.G[SRK][LIVMAT]C.T
PAL_HISTIDASE	[GS][STG][LIVM][STG][SAC]SG[DH]L.[PN]L[SA].{2,3}[SAGVTL]
RNA_POL_PHAGE_2	[LIVMF].R.{3}K.{2}[LIVMF]M[PT].{2}Y
MOLYBDOPTERIN_PROK_2	[STA].[STAC]{2}.{2}[STA]D[LIVMY]{2}LP.[STAC]{2}.{2}E
PROLINE_PEPTIDASE	[HA][GSYR][LIVMT][SG]H.[LIV]G[LIVMNKS].[IVEL][HNC][DEV]
CLUSTERIN_1	CKPCLK.TC
CLUSTERIN_2	CL[RK]M[RK].[EQ]C[ED]KC
BACTERIAL_LUCIFERASE	[GA][LIVM]P[LIVM].[LIVMFY].W.{6}[RK].{6}Y.{3}[AR]
APPLE	C.{3}[LIVMFY].{5}[LIVMFY].{3}[DENQ][LIVMFY].{10}C.{3}CT.{4}C.[LIVMFY]F.[FY].{13,14}C.[LIVMFY][RK].[ST].{14,15}SG.[ST][LIVMFY].{2}C
PII_GLNB_UMP	Y[KR]G[AS][AE]Y
TYROSINASE_1	H.{4,5}F[LIVMFTP].[FW]HR.{2}[LVMT].{3}E
TYROSINASE_2	DP.F[LIVMFYW].{2}H.{3}D
THYMOSIN_B4	L[KR]KT[DENT]T.{2}KN[PT]L
SPASE_I_1	[GS][^PR]SM[^RS][PS][AT][LF]
POLYGALACTURONASE	[GSDENKRH].{2}[VMFC].{2}[GS]HG[LIVMAG].{1,2}[LIVM]GS
PECTINESTERASE_2	[IV].G[STAD][LIVT]D[FYI][IV][FSN]G
FRD_SDH_FAD_BINDING	R[ST]H[ST].{2}A.GG
PEPCK_GTP	[FY]PS[AGMS]CGKT[NS]
BETA_AMYLASE_1	H.CGGNVGD
NI_HGENASE_L_1	RG[LIVMF]E.{15}[QESMP][RK].C[GR][LIVM]C
NI_HGENASE_L_2	[FY]D[PI][CU][LIMAV][ASG]C.{2,3}H
RAS_GTPASE_ACTIV_1	[GSNA].[LIVMF][FYCI][LIVMFY]R[LIVMFY]{2}[GACNS][PAV][AV][LIV][LIVM][SGANT]P
MALATE_SYNTHASE	[KR][DENQ][HN].{2}GLN.G.WDY[LIVM]F
CRF	[PQA].[LIVM]S[LIVM].{2}[PST][LIVMF].[LIVM]LR.{2}[LIVMW]
ALPHA_GALACTOSIDASE	G[LIVMFY].{2}[LIVMFY].[LIVM]D[DF].{1,2}W.{3,7}[RV][DNSF]
ADENYLOSUCCIN_SYN_2	GI[GR]P.Y.{2}K.{2}R
FIBRINOGEN_C_1	WW[LIVMFYW].{2}C.{2}[GSA].{2}NG
SVP_II	[GSA]Q.KS[FY].Q.K[SA]
ALKYLBASE_DNA_GLYCOS	G[IV][GK].W[ST][AVI].[LIVMFY]{2}.[LIVM].{8}[MF].{2}[ED]D
RNASE_3_1	[DEQ][KRQT][LMF]E[FYW][LV]GD[SARHG]
ZF_RING_1	C.H.[LIVMFY]C.{2}C[LIVMYA]
HTH_ASNC_1	[GSTAP].{2}[DNEQA][LIVM][GSA].{2}[LIVMFYT][GAN][LIVMST][ST].{6}R[LIVT].{2}[LIVM].{3}G
INTERLEUKIN_10	[KQS].{4}C[QYCS].{4}[LIVM]{2}.[FLR][FYT][LMVR].[DERTI][IV][LMF]
P5CR	[PALF].{2,3}[LIV].{3}[LIVM][STAC][STV].[GANK]G.T.{2}[AG][LIV].{2}[LMF][DENQK]
DNA_POLYMERASE_X	G[SG][LFY].R[GE].{3}[SGCL].D[LIVM]D[LIVMFY]{3}.{2}[SAP]
SULFATASE_1	[SAPG][LIVMST][CS][STACG]P[STA]R.{2}[LIVMFW]{2}[TAR]G
SMB_1	C.C.{3}C.{5,6}CC.[DN][FY].{3}C
RIBOSOMAL_L6_1	[PS][DENS].YK[GA]KG[LIVM]
RIBOSOMAL_L19E	Q[KR]R[LIVM].[SA].{4}[CV]G.{3}[IV][WK][LIVF][DNSV][PE]
RIBOSOMAL_S14	[RP].{0,1}C.{11,12}[LIVMF][^L][LIVMF][SC][RG].[^D][^PK][RN]
RIBOSOMAL_S4E	H.KR[LIVMF][SANK].P.{2}[WY].[LIVM].[KRP]
RIBOSOMAL_S24E	[FYAT]G.{2}[KREILYV][STAI].[GCAVI][FYKRE][GTALV].[LIVYA]Y[DENQAKY][STDN].{7}E
RNASE_T2_1	[FYWL].[LIVM]HGL[WY]P
RNASE_T2_2	[LIVMF].{2}[HDGTY][EQ][FYW].[KRT]H[GA].C
PEPCK_ATP	LIGDDEH.W.[DEPKVNA].[GVS][IV].N
PORPHOBILINOGEN_DEAM	E[KR].[LIVMFAT].{3}[LIVMFAC].[GSALV][GSANHD]C.[IVTACS][PLA][LIVMF][GSA]
FERROCHELATASE	[LIVMF][LIVMFC].[ST].H[GS][LIVM]P.{4,5}[DENQKRLHAFSTI].[GN][DPC].{1,4}[YA]
COMPLEX1_49K	[LIVMH]H[RT][GA].EK[LIVMTN].E.[KRQ]
UBIQUITIN_ACTIVAT_1	K[AI][CL]SGK[FI].[PQ]
CYTOCHROME_B559	[LIV].[ST][LIVF]R[FYW].{2}[IVL]H[STGAV][LIV][STGA][IV]P
CHEMOTAXIS_TRANSDUC_1	RTE[EQ]Q.{2}[SA][LIVM].[EQ]TAASMEQLTATV
PYROKININ	F[GSTV]PRL[G>]
FERRITIN_1	E.[KR]E.{2}E[KR][LF][LIVMA].{2}QN.R.GR
TP1	SKRKYRK
COMPLEX1_30K	ERE.{2}[DE][LIVMFY]{2}.{6}[HK].{3}[KRP].[LIVM][LIVMYS]
HLYD_FAMILY	[LIVM].{2}G[LM].{3}[STGAV].[LIVMT].[LIVMTK][GE].[KR].[LIVMFYW]{2}.[LIVMFYW]{2}[LIVMFYWK]
METMALONYL_COA_MUTASE	RIARN[TQ].{2}[LIVMFY]{2}.[EQH]E.{4}[KRN].{2}DP.[GSA]GS
ALDOSE_1_EPIMERASE	[NS].TNH.Y[FW]N[LI]
CYSTEINE_SWITCH	PRC[GN].P[DR][LIVSAPKQ]
TRANSGLUTAMINASES	[GT]Q[CA]WV.[SA][GAS][IVT].{2}T.[LMSC]R[CSAG][LV]G
RIBOSOMAL_S3	[GSTA][KR].{6}G.[LIVMT].{2}[NQSCH].{1,3}[LIVFCA].{3}[LIV][DENQ].{7}[LMT].{2}G.{2}[GS]
BACTERIOFERRITIN	<M.G.{3}[IV][LIV].{2}[LM].{3}L.{3}L
HEMERYTHRINS	HF.{2}[EQ][ENQ].{2}[LMF].{4,7}[FY].{5,6}H.{3}[HR]
MOLYBDOPTERIN_PROK_1	[STAN].[CH].{2,3}C[STAG][GSTVMF].C.[LIVMFYW].[LIVMA].{3,4}[DENQKHT]
HTH_MERR_1	[GSA].[LIVMFA][ASM].{2}[STACLIV][GSDENQR][LIVC][STANHK].{3}[LIVM][RHF].[YW][DEQ].{2,3}[GHDNQ][LIVMF]{2}
LAMBDA_PHAGE_CIII	ES.L.R.{2}[KR].L.{4}[KR]{2}.{2}[DE].L
TEA_1	GRNELI.{2}[YH]I.{3}[TC].{3}RT[RK]{2}Q[LIVM]SSH[LIVM]QV
ICOSAH_VIR_COAT_S	[FYW].[PSTA].{7}G.[LIVM].[LIVM].[FYWI].{2}D.{5}P
HOK_GEF	[LIVMA]{4}C[LIVMFA]T[LIVMA]{2}.{4}[LIVM].[RG].{2}L[CY]
FMN_HYDROXY_ACID_DH_1	SNHG[AG]RQ
EUKARYOTIC_PORIN	[YH].{2}D[SPCAD].[STA].{3}[TAG][KR][LIVMF][DNSTA][DNS].{4}[GSTAN][LIVMA].[LIVMY]
MOLYBDOPTERIN_EUK	[GA][^A].{2}[KRNQHT].{11,14}[LIVMFYWS].{3}[^V][^GK].{3}[LIVMF].C.{2}[DEN]R.{2}[DE]
CARBOXYPEPT_SER_HIS	[LIVF].{2}[LIVSTA].[IVPST].[GSDNQL][SAGV][SG]H.[IVAQ]P.{3}[PSA]
CBM2_A	WN[STAGR][STDN][LIVM].{2}[GST].[GST].{2}[LIVMFT][GA]
CBM1_1	CGG.{4,7}G.{3}C.{4,5}C.{3,5}[NHGS].[FYWMI].{2}QC
STATHMIN_1	P[KRQ][KR]{2}[DE].SL[EG]E
ARGININOSUCCIN_SYN_1	[ASL][FY]SGG[LV]DT[ST]
ARGININOSUCCIN_SYN_2	G.T.[KRM]GND.{2}RF
FIBRILLARIN	[GST][LIVMAPKR][IVEAT][FY][GSAC][IVL]E[FYV][SA].{0,1}[REA].{2}[RQSFT][DEK]
PHOSPHORIBULOKINASE	K[LIVM].RD.{3}RG.[ST].E
MYELIN_P0	S[KR]S.K[AG].[SA]EKK[STA]K
MYELIN_MBP	VVHFFKN
RING_HYDROXYL_ALPHA	C.HR[GAR].{7,8}[GEKVI][NERAQ].{4,5}C.[FY]H
AMIDASES	G[GAV]S[GS]{2}G.[GSAE][GSAVYCT].[LIVMT][GSA].{6}[GSAT].[GA].[DE].[GA].S[LIVM]R.P[GSACTL]
GLYCOSYL_HYDROL_F1_1	[LIVMFSTC][LIVFYS][LIV][LIVMST]ENG[LIVMFAR][CSAGN]
PYRIDINE_REDOX_2	C.{2}CD[GAS].{2,4}[FYA].{4}[LIVMAT].{0,1}[LIVM]{2}[GI][GDS][GRD][DN]
FATTY_ACID_DESATUR_2	[ST][SA].{3}[QR][LI].{5,6}DY.{2}[LIVMFYW][LIVM][DE]
MYELIN_PLP_1	G[MV]ALFCGCGH
GRAM_NEG_PORIN	[LIVMFY].{2}G.{2}Y.F.K.{2}[SN][STAV][LIVMFYW]V
AVIDIN_1	[DENY].{2}[KRI][STA].{2}VG.[DN].[FW]T[KR]
RIBOSOMAL_S6E	[LIVM][STAMR]GG.[DG].{2}G.[PV]M
RIBOSOMAL_L29	[KNQS][PSTLNH][^D][^F][LIVMFA][KRGSADN].[LIVYSTA][KR][KRHQS][DESTANQRL][LIV]A[KRCQVT][LIVMA]
RIBOSOMAL_L32E	F.R.{4}[KRL].{2}[KRT][LIVMFT].{3,5}WR[KR].{2}G
CLATHRIN_LIGHT_CHN_2	[KR][DS].[SE][KR][LIVMF][KR].[LIVM][LIVMY][LIVM].L[KA]
RIBOSOMAL_L33	[YW].[STKV].[KR][NSKQ].{3,4}[PATQS].{1,2}[LIVMF][EAQVSIT].{2}K[FYH][CSD]
PFKB_KINASES_1	[AG]G.{0,1}[GAP].N[^AGLS][STA].{2}[^A].[^G][^GNKA][GS].{9}G
PFKB_KINASES_2	[DNSK][PSTV].[SAG]{2}[GD]D.{3}[SAGV][AG][LIVMFYA][LIVMSTAP]
RIBOSOMAL_S5	G[KRQEA].{3}[FYVIM].[ACVTI].{2}[LIVMA][LIVMAT][AG][DN].{2,3}G.[LIVMA][GS].[SAG].{5,6}[DEQGHS][LIVMARFY].{2,3}[AS][LIVMFRY]
RIBOSOMAL_L16_1	[KRG][KR].[GSAC][KRQVA][LIVMK][WY][LIVM][KRN][LIVM][LFY][APK]
GLYCOSYL_HYDROL_F17	[LIVMKS].[LIVMFYWA]{3}[STAG]E[STACVI]G[WY]P[STN].[SAGQ]
FLAGELLA_BB_ROD	[GTARYQ].[^R].{7}[LIVMYSTA]{2}[GSTA][STADEN]N[LIVM][SAN]N.[SADENFR][STV]
PTS_HPR_SER	[GSTADE][KREQSTIV].[^EPRK][^VPGL].[KRDN]S[LIVMF]{2}[^EVPL][LIVM][^EATN].[LIVM][GADE]
LIF_OSM	[PST].{4}F[NQ].K.{3}C.[LF]L.{2}Y[HK]
GH10_1	[GTA][^QNAG][^GSV][LIVN].[IVMF][ST]E[LIY][DN][LIVMF]
GH9_2	[HLY][AILMV][FIL]G.[NSTW].{2,4}[SCTV][FY][LIVMFY][SITV]G.{1,5}[GSY].{2}[AFPSTY][FLPSV].{2}[AILPQVM][HV][DHLS][KRS]
HEME_OXYGENASE	L[IV]AH[STACH]Y[STV][RT]Y[LIVM]G
AROMATIC_AA_PERMEASE_1	IG[GA]GM[LF][SA].P.{3}[SA]G.{2}F
AA_TRANSFER_CLASS_5	[LIVFYCHT][DGH][LIVMFYAC][LIVMFYA].{2}[GSTAC][GSTA][HQR]K.{4,6}G.[GSAT].[LIVMFYSAC]
PLANT_LTP	[LIVM][PA].{2}C.{1,2}[LIVM].{1,2}[LIVMST].[LIVMFY].{1,2}[LIVMF][STRD].{3}[DN]C.{2}[LIVM]
CHROMO_1	[FYL].[LIVMC][KR]W.[GDNR][FYWLME].{5,6}[ST]W[ESV][PSTDEN].{2,3}[LIVMC]
AA_TRANSFER_CLASS_2	T[LIVMFYW][STAG]K[SAG][LIVMFYWR][SAG][^ENKR][^TNDR][SAG]
AA_TRANSFER_CLASS_3	[LIVMFYWCS][LIVMFYWCAH].D[ED][IVA].{2,3}[GAT][LIVMFAGCYN].{0,1}[RSACLIH].[GSADEHRM].{10,16}[DH][LIVMFCAG][LIVMFYSTAR].{2}[GSA]K.{2,3}[GSTADNV][GSAC]
IRF_1	W.[DNH].{5}[LIVF].[IV]PW.H.{9,10}[DE].{2}[LIVF]F[KRQ].[WR]A
ALDOLASE_CLASS_II_1	[FYVMT].{1,3}[LIVMH][APNT][LIVM].{1,2}[LIVM]H.DH[GACH]
TK_CELLULAR_TYPE	[GA].{1,2}[DE].Y.[STAPV].C[NKR].[CH][LIVMFYWH]
SYNAPTOP	LSV[DE]C.NKT
ATPASE_C	[GSTA]R[NQ]P.{5}[^A].[^F].{2}[LIVMFYW]{2}.{3}[LIVMFYW].[DE]
B_KETOACYL_SYNTHASE	G[^A][^KGR].{2}[LIVMFTAP][^R].[AGC]C[STA]{2}[STAG].{2}[^LI][LIVMF]
PDEASE_II	H.HLDH[LIVM].[GS][LIVMA][LIVM]{2}.S[AP]
GLYCOSYL_HYDROL_F2_2	[DENQLF][KRVW]N[HRY][STAPV][SAC][LIVMFS][LIVMFSA][LIVMFS]W[GSV].{2,3}NE
GLYCOSYL_HYDROL_F32	H.{2}[PV].{4}[LIVMA]NDPN[GA]
NA_NEUROTRAN_SYMP_1	W[RK]F[GPA][YF].{4}[NYHS]GG[GCA].[FY]
HISOL_DEHYDROGENASE	[IVTPM][DEG].{2,3}[AYEPQ]G[PT][ST][ED][LIVSTA][LIVMAECGFT][LIVMA][LIVMAYF][ACNDSTI].{2,3}[ACNGVST].{4,6}[LIVMAC][AVLKIT][SACLYWNRMTV][DEG][LIVMFCA][LIVMKFR][SAGVI].{2}EH
OSTEONECTIN_1	C.[DNS].{2}C.{2}G[KRH].C.{6,7}P.C.C.{3,5}CP
OSTEONECTIN_2	FP.R[IM].DWL.[NQ]
IGPS	[LIVMFY][LIVMC].E[LIVMFYC]K[KRSPQV][STAHKRYC]SP[STRK].{3,7}[LIVMFYST]
C_TYPE_LECTIN_1	C[LIVMFYATG].{5,12}[WL][^T][DNSR][^C][^LI]C.{5,6}[FYWLIVSTA][LIVMSTA]C
HIS_ACID_PHOSPHAT_1	[LIVM].{2}[LIVMA].{2}[LIVM].RH[GN].R.[PAS]
RECF_1	[LIFV].{6}[LIF][LIVF].[GSDE][GSTADNPE][PASG].{2}RR.[FYW][LIVMF][DN]
RECF_2	[LIV][LIFYMV].[LIVM]D[DEA][LIVF].{2}[EHCGK]LD.{2}[KRH].{3}[LIVF]
PTN_MK_1	S[DE]C.[DE]W.W.{2}C.P.[SN].DCG[LIVMA]G.REG
PTN_MK_2	C[KR][LIVM]PCNWKK.FGA[DE]CKY.F[EQ].WG.C
TISSUE_FACTOR	WK.KC.{2}T.[DEN]TECD[LIVM]TDE
HTH_LUXR_1	[GDC].{2}[NSTAVY].{2}[IV][GSTA].{2}[LIVMFYWCT].[LIVMFYWCR].{3}[NST][LIVM].{2}[^T].{2}[NRHSA][LIVMSTA].{2}[KR]
GMC_OXRED_1	[GA][RKNC].[LIVW]G{2}[GST]{2}.[LIVM][NH].{3}[FYWA].{2}[PAG].{5}[DNESHQA]
GMC_OXRED_2	[GS][PSTA].{2}[ST][PS].[LIVM]{2}.{2}SG[LIVM]G
RCC1_1	G.ND.{2}[AV]LGR.T
RCC1_2	[LIVMFA][STAGC]{2}G.[^TAV]H[STAGLI][LIVMFA][^KI][LIVM]
GHMP_KINASES_ATP	[LIVM][PK].[GSTA].{0,1}G[LM][GS]SS[GSA][GSTAC]
RIBOSOMAL_S19E	P.{6}[SANG].{2}[LIVMAC].R.[ALIV][LV][QH].L[EQ]
IMP_1	[FWV].{0,1}[LIVM]DP[LIVM]D[SG][ST].{2}[FYA].{0,1}[HKRNSTY]
IMP_2	[WYV]D.[AC][GSA][GSAPV].[LIVFACP][LIVM][LIVAC].{3}[GH][GA]
CYTOSOL_AP	[NS][TS]DAEGR[LVMI]
RIBOSOMAL_S4	[LIVM][DERA].R[LI].{3}[LIVMC][VMFYHQL][KRTS].{3}[STAGCVF].[ST].{3}[SAI][KRQ].[LIVMF]{2}
BROMODOMAIN_1	[STANVFHG].{2}[FAS].{4}[DNSPAKT].{0,7}[DENQTFG]Y[HFYLRKT].{2}[LIVMFY].{3}[LIVM].{4}[LIVM].{6,10}Y.{12,13}[LIVM].{2}N[SACF].{2}[FY]
RIBOSOMAL_L30	[IVTAS][LIVM].{2}[LF].[LI].[KRHQEG].{2}[STNQH].[IVTR].{10}[LMSN][LIV].{2}[LIVA].{2}[LMFY][IVT]
PILI_CHAPERONE	[LIVMFY][APN].[DNS][KREQ]E[STR][LIVMAR].[FYWTE].[NCS][LIVM].{2}[LIVM]P[PAS]
DNAJ_1	[FY][^GL].[LIVMA][^IP].{2}[FYWHNT][DENQSA].L.[DN].{3}[KR][^F][^P][FYI]
PII_GLNB_CTER	[ST].{3}G[DY]G[KR][IV][FW][LIVM].{2}[LIVM]
THIOL_PROTEASE_HIS	[LIVMGSTAN][^IEVK]H[GSACE][LIVM][^GPSI][LIVMAT]{2}G[^SLAG][GSADNH]
THIOL_PROTEASE_ASN	[FYCH][WI][LIVT].[KRQAG]N[ST]W.{3}[FYW]G.{2}G[LFYW][LIVMFYG].[LIVMF]
COMPLEX1_75K_1	P.{2}C[YWSD].{7}[GA].CR.C
COMPLEX1_75K_2	CP.C[DE].[GS]{2}.C.LQ
COMPLEX1_75K_3	RC[LIVM].C.RC[LIVMT].[LMFY]
COMPLEX1_51K_1	G[AM]G[AR]Y[LIVM]CG[DE]{2}[STA]{2}[LIM]{2}[END]S
COMPLEX1_51K_2	E[ST]CG.C.PCR.G
RIBOSOMAL_S13_1	[KRQSEAT][GS].RH.{2}[GSNHKLCD].{2}[LIVMCT][RNH]GQ
THYMID_PHOSPHORYLASE	[SA][GS]R[GA][LIV].{2}[TAP][GAS]GT.D.[LIVMF][EDS]
RIBONUCLEASE_P	[LIVMFYSNAD].{2}A.{2}R[NH][KRQLYAT][LIVMFSA][KRA]R.[LIVMTA][KR]
G_PROTEIN_RECEP_F2_1	C.{3}[FYWLIV]D.{3,4}C[FW].{2}[STAGV].{8,9}C[PF]
G_PROTEIN_RECEP_F2_2	[QL]G[LMFCAV][LIVMFTA][LIV].[LIVFSTM][LIFHV][VFYHLG]C[LFYAVI].[NKRQDS].{2}[VAI]
RIBOSOMAL_L9	G.{2}[GNF].{4}[VAI].{2}G[FY].{2}[NH][FYWL]L.{5}[GA].{3}[STNG]
TNFR_NGFR_1	C.{4,6}[FYH].{5,10}C.{0,2}C.{2,3}C.{7,11}C.{4,6}[DNEQSKP][^PD][^CP]C
GLYCOSYL_HYDROL_F1_2	F.[FYWM][GSTA].[GSTA].[GSTA]{2}[FYNH][NQ].E.[GSTA]
PRD_1	[ST][DM]H[LIC].{2}[FA][LIY][EQK]R.{2}[QNKA]
GLYCOSYL_HYDROL_F6_1	V.Y.{2}P.RDC[GSAF].{2}[GSA]{2}.G
GLYCOSYL_HYDROL_F6_2	[LIVMYA][LIVA][LIVT][LIV]EPD[SAL][LI][PSAG]
FORK_HEAD_1	[KR]P[PTQ][FYLVQH]S[FY].{2}[LIVM].{3,4}[AC][LIM]
FORK_HEAD_2	W[QKR][NSD][SA][LIV]RH
GLYCOSYL_HYDROL_F5	[LIV][LIVMFYWGA]{2}[DNEQG][LIVMGST][^SENR]NE[PV][RHDNSTLIVFY]
FERM_1	W[LIV].{3}[KRQ].[LIVM].{2}[QH].{0,2}[LIVMF].{6,8}[LIVMF].{3,5}F[FY].{2}[DENS]
FERM_2	[HYW].{9}[DENQSTV][SA].{3}[FYC][LIVM].{2,3}[ACVWD].{2}[LM].{2}[FY][GM].[DENQSTH][LIVMFYS]
T2SP_E	[LIVM]R.{2}PD.[LIVM]{3}GE[LIVM]RD
VINCULIN_1	[KR].[LIVMF].{3}[LIVMA].{2}[LIVM].{6}RQQEL
VINCULIN_2	[LIVM].[QA]A.{2}W[IL].[DN]P
DHDPS_1	[GSA][LIVM][LIVMFY].{2}G[ST][TG]GE[GASNF].{6}[EQ]
DHDPS_2	Y[DNSAH][LIVMFAN]P.{2}[STAV].{2,3}[LIVMFT].{13,14}[LIVMCF].[SGA][LIVMFNS]K[DEQAFYH][STACI]
COMPLEX1_ND1_1	G[LIVMFYKRSAQT][LIVMAGPF][QAM].[LIVMFYCA].D[AGIM][LIVMFTA][KS][LVMYSTI][LIVMFYGA].[KRE][EQG]
COMPLEX1_ND1_2	PFD[LIVMFYQN][STAGPVMI]E[GACS]E.{0,2}[EQLN][LIVMS].{1,2}G
GAS_VESICLE_A_2	R[LIVA]{3}A[GS][LIVMFY].[TK].{3}[YFI][AG]
D_2_HYDROXYACID_DH_2	[LIVMFYWA][LIVFYWC].{2}[SAC][DNQHR][IVFA][LIVF].[LIVF][HNI].P.{4}[STN].{2}[LIVMF].[GSDN]
D_2_HYDROXYACID_DH_3	[LMFATCYV][KPQNHAR].[GSTDNK].[LIVMFYWRC][LIVMFYW]{2}N.[STAGC]R[GP].[LIVH][LIVMCT][DNVE]
V8_HIS	[ST]G[LIVMFYW]{3}[GN].{2}T[LIVM].T.{2}H
V8_SER	T.{2}[GC][NQ]SGS.[LIVM][FY]
AAA	[LIVMTR].[LIVMT][LIVMF].[GATMC][ST][NS].{4}[LIVM]D.[AS][LIFAV].{1,2}R
SIGMA54_INTERACT_1	[LIVMFY]{3}.G[DEQ][STE]G[STAV]GK.{2}[LIVMFY]
SIGMA54_INTERACT_2	[GS].[LIVMFA].{2}[AS][DNEQASH][GNEKT]G[STIM][LIVMFY]{3}[DE][EK][LIVM]
DAO	[LIVM]{2}H[NHA]YG.[GSA]{2}.G.{5}G.A
WD_REPEATS_1	[LIVMSTAC][LIVMFYWSTAGC][LIMSTAG][LIVMSTAGC].{2}[DN].[^P][LIVMWSTAC][^DP][LIVMFSTAG]W[DEN][LIVMFSTAGCN]
BETA_AMYLASE_2	G.[SA]GE[LIVM]RYPSY
MAP_1	[MFY].GHG[LIVMC][GSHN].{3}H.{4}[LIVM].{1,2}[HN][YWVHF]
CHAPERONINS_CPN10	[LIVMFY].P[ILT].[DEN][KR][LIVMFA]{3}[KREQS].{8,9}[SG].[LIVMFY]{3}
ZP_1	[LIVMFYW].{7}[STAPDNLR].{3}[LIVMFYW].[LIVMFYW].[LIVMFYW].{2}C[LIVMFYW].[STA][PSLT].{2,4}[DENSG].[STADNQLFM].{6}[LIVM]{2}.{3,4}C
RHODANESE_2	[AV].{2}[FY][DEAP]G[GSA][WF].E[FYW]
SASP_2	[KRC][SAQ].G.[VF]G[GA].[LIVM].[KR][KRC][LIVM]{2}
NFYB_HAP3	C[VA][ST]E.ISF[LIVM]T[SGC]EA[SCN][DE][KRQ]C
NFYA_HAP2_1	[FY]VN[AS]KQ[FY].{2}I[ILM][KR]RR.{2}RAK[LA]E
ALDEHYDE_DEHYDR_GLU	[LIVMFGA]E[LIMSTAC][GS]G[KNLM][SADN][TAPFV]
SIGMA54_INTERACT_3	[FYW]P[GS]N[LIVM]R[EQ]L.[NHAT]
GLYCO_HORMONE_BETA_2	[PA]VA.{2}C.C.{2}C.{4}[STDAI][DEY]C.{6,8}[PGSTAVMI].{2}C
DEAH_ATP_HELICASE	[GSAH].[LIVMF]{3}DE[ALIV]H[NECR]
DNA_PHOTOLYASES_1_2	[DN]R.R[LIVM][LIVMN].[STA][STAQ]F[LIVMFA].K.L.{2,3}W[KRQ]
NIFH_FRXC_2	D.LGDVVCGGF[AGSP].P
ENT_VIR_OMP_1	G[LIVMFY]N[LIVM]KYRYE
ENT_VIR_OMP_2	[FYW].{2}G.GY[KR]F>
ETF_ALPHA	[LI]Y[LIVM][AT].[GA][IV][SD]G.[IV]Q[HP].{2}G.{6}[IV].A[IV]N
DNA_LIGASE_A1	[EDQH][^K]K[^VEDI][DN]G[^GLYN]R[GACIVM]
GH9_3	[FYW].D.{4}[FYW].{3}E.[STA].{3}N[STA]
NITROGENASE_1_1	[LIVMFYH][LIVMFST]H[AG][AGSP][LIVMNQA][AG]C
RIBOSOMAL_L6_2	[QLS].{3}[LIVM].{2}[KRWYF].{2}R.F.DG[LIVM][YF][LIVM].{2}[KR]
RIBOSOMAL_L16_2	RMG.[GR]KG.{4}[FWKR]
GM_CSF	CP[LP]T.E[ST].C
OKR_DC_1	[STAV].S.HK.{2}[GSTAN]{2}.[STA]Q[STA]{2}
PROK_CO2_ANHYDRASE_1	C[SA]DSR[LIVM].[AP]
PROK_CO2_ANHYDRASE_2	[EQ][YF]A[LIVM].{2}[LIVM].{4}[LIVMF]{3}.GH.{2}CG
PRION_2	E.[ED].K[LIVM]{2}.[KR][LIVM]{2}.[QE]MC.{2}QY
GLYCOSYL_HYDROL_F31_2	G[AVP][DT][LIVMTAS][CG]G[FY].{3}[STP].{3}L[CL].RW.{2}[LVMI][GSA][SA][FY].P[FY].R[DNA]
PRO_ENDOPEP_SER	D.{3}A.{3}[LIVMFYW].{14}G.S.GG[LIVMFYW]{2}
RIBOSOMAL_L30E_1	[STA].{5}G.[QKRN].{2}[LIVMQ][KRQT].{2}[KR].[GS].{2}[KQ].[LIVM]{3}
PGM_PMM	[GSA][LIVMF].[LIVM][ST][PGA]SH[NIC]P
LIPOXYGENASE_1	[HQ][EQ].{3}H.[LMA][NEQHRCS][GSTA]H[LIVMSTAC]{2}.E
RIBOSOMAL_S17E	[IVDYPKS].[ST]K.[LIVMTF][RIKM]N.[IV][SA]G[FY].[TV][HKRA]
NA_DICARBOXYL_SYMP_1	P.{0,1}[GP][DES].[LIVMF]{2}.[LIVMA][LIVM][KREQS][LIVMG][LIVM][LIVMF].[PS]
NA_DICARBOXYL_SYMP_2	P.G.[STA].[NT][LIVMCP]D[GA][STANQF].[LIVM][FY].{2}[LIVM].{2}[LIVM][FY][LIV][SA][QH]
SIGMA70_1	[DE][LIVMF]{2}[HEQS].G.[LIVMFA]GL[LIVMFYE].[GSAM][LIVMAP]
SIGMA70_2	[STN].{2}[DENQ][LIVMT][GAS].{4}[LIVMF][PSTG].{3}[LIVMA].[NQR][LIVMA][EQH].{3}[LIVMFWK].{2}[LIVM]
SIGMA54_1	P[LIVM].[LIVM].{2}[LIVM]A.{2}[LIVMFT].{2}[HS].ST[LIVM]SR
SIGMA54_2	RRT[IV][ATN]KYR
GLYCOSYL_HYDROL_F2_1	N.[LIVMFYWD]R[STACN]{2}HYP.{4}[LIVMFYWS]{2}.{3}[DN].{2}G[LIVMFYW]{4}
RASGEF	[VI]P[FYWVI].[GPSV].{2}[LIVMFYK].[DNE][LIVM].{13,35}[IVL]N[FYME].K
FTHFS_1	[GN][LIVMS]KG[GST][AG][AST]G[GAS]G[YLHRKF]
FTHFS_2	V[ASV][TS][IVLA][RQ][AGS][LIM][KER].[HN][GAS][GLKD]
POLYPRENYL_SYNTHASE_1	[LIVM]{2}.DD.{2,4}D.{4}RR[GH]
SRP1_TIP1	PWY[ST]{2}RL
GERMIN	G.{4}H.HP.[AGS].E[LIVM]
AP_NUCLEASE_F1_1	[APF]D[LIVMF]{2}[^T][LIVM]QE[^G]K
AP_NUCLEASE_F1_2	D[ST][FY][RP][KHQ].{7,8}[FYWD][ST][FYW]{2}
AP_NUCLEASE_F1_3	N.G.R[LIVM]D[LIVMFYH].[LV].S
AP_NUCLEASE_F2_1	H[GSAD].Y[LIF][LIMN]N[LIVMFCAP][AGC]
AP_NUCLEASE_F2_2	[GSARY][LIVMF][CT][LIVMFY]DTCH
AP_NUCLEASE_F2_3	[LIVMFW]H.N[DEG][SA].{4}[GNAQ].{3}D.H
RIBOSOMAL_S16	[LIVMT].[LIVM][KR]L[STAK]R[^E]G[AKR]
RIBOSOMAL_S26E	[YH]C[VI][SA]CAIH
THIOLASE_2	N.{2}GG.[LIVM][SA].GHP.[GAS].[ST]G
ADOHCYASE_1	[GSAP][CS]N.[FYLM]S[ST][QALKHD][DENG].[AV][AVTS][ADERQ][ACSG][LIVMCG]
ADOHCYASE_2	[GA][KSR].{3}[LIV].G[FY]G.[VC]G[KRL][GA].{1,2}[ASC]
MAM_1	[GE].[LIVMFY]{2}.{3}[STA].{10,11}[LV].{4}[LIVMF].{6,7}C[LIVM].F.[LIVMFY].{3}[GSC]
DH_1	[LM].{2}[LIVMFYWGS][LI].{2}[PEQ][LIVMRF].{2}[LIVM].[KRS].{2}[LT].[LIVM].[DEQN][LIVM].{3}[STM]
PEP_ENZYMES_2	[DEQSKN].[LIVMF][SA][LIVMF]G[ST]ND[LIVM].Q[LIVMFYGT][STALIV][LIVMFY][GAS].{2}R
BETA_LACTAMASE_B_1	[LI].[STN][HN].H[GSTAD]D.{2}G[GP].{7,8}[GS]
BETA_LACTAMASE_B_2	P.{3}[LIVM]{2}.G.C[LIVMF]{2}K
RF_PROK_I	[ARH][STA].G.GGQ[HNGCSY][VI]N.{3}[ST][AKG][IV]
NIFH_FRXC_1	E.GGP.{2}[GA].GC[AG]G
GLUTR	[HY][LIVMAF].{2}[LIVM][GSTACIV][GSTAC][GSA][LIVMFA][DEQHY]S.[LIVMAS][LIVMFKS][GFA][DE].[EQRD][IV][LIVTQAM][TAGRKS]Q[LIVMF][KRE]
F_ACTIN_CAPPING_A_1	[VA]H[FY]{2}[ER][DEC][GV]N[VL]
F_ACTIN_CAPPING_A_2	K.[LM]RR.LP[IV][NT]R
TCP1_1	[RKEL][ST].[LMFY]GP.[GSA]..K[LIVMF]{2}
TCP1_2	[LIVM][TS][NK][DN][GA][AVNHK][TAVC][LIVM]{2}.{2}[LIVMA].[LIVM].[SNH][PQHA]
XPA_1	C.[DE]C.{3}[LIVMF].{1,2}D.{2}L.{3}F.{4}C.{2}C
XPA_2	[LIVM]{2}T[KR]TE.K.[DE]Y[LIVMF]{2}.D.[DE]
NA_NEUROTRAN_SYMP_2	[YF][LIVMFY].{2}[SC][LIVMFY][STQV].{2}[LVI]PW.{2}C.{3,4}[NWDS][GSTERHAK]
SECY_1	[GSTL][LIVMFK][LIVMFCA].[LIVMF][GSAN][LIVM].P[LIVMFYN][LIVMFY].[AS][GSTQD][LIVMFAT]{3}[EQ][LIVMFA]{2}
SECY_2	[LIVMFYW]{2}.[DE].[LIVM][STDNQ].{2,3}[GK][LIVMF][GST][NST]G.[GST][LIV][LIVFP]
PROK_SULFATE_BIND_2	NPK[ST]SG.AR
ARGE_DAPE_CPG2_1	[LIV][GALMY][LIVMF][^Q][GSA]H.D[TV][STAV]
ARGE_DAPE_CPG2_2	[GSTAI][SANQCVIT]D.K[GSACN].{1,2}[LIVMA].{2}[LIVMFY].{12,17}[LIVM].[LIVMF][LIVMSTAGC][LIVMFA].{2}[DNGM]EE.{0,1}[GSTNE]
SPASE_I_2	KR[LIVMSTA]{2}[GA].[PG]G[DEQ].[LIVM].[LIVMFY]
SPASE_I_3	[LIVMFYW]{2}[^NLPA][^T]GD[NH][^PIEW].{2}[SND].{2}[SG]
WHEP_TRS_1	[QYR][GH][DNEAR].[LIV][KR].{2}K.{2}[KRNG][AS].{4}[LIV][DENKA].{2}[IV].{2}L.{3}K
GLUTATHIONE_PEROXID_2	[LIV][AGD]FP[CS][NG]QF
ENDONUCLEASE_III_1	C.{3}[KRSN]P[KRAGL]C.{2}C.{5}C
P_GLUCOSE_ISOMERASE_1	[DENSA].[LIVM][GP]GR[FY][ST][LIVMFSTAP].[GSTA][PSTACM][LIVMSA][GSAN]
THF_DHG_CYH_1	[EQLT].[EQKDS][LIVM]{2}.{2}[LIVM].{2}[LIVMY]N.[DNS].{5}[LIVMF]{3}Q[LM]P[LVI]
THF_DHG_CYH_2	P[GK]G[VI]GP[MFI]T[IVA]
TRANSTHYRETIN_1	[KH][IV]L[DN].{3}G.P[AG].{2}[LIVM].[IV]
TRANSTHYRETIN_2	[YWF][TH][IVT][AP].{2}[LIVM][STA][PQ][FYWG][GS][FY][QST]
AA_TRANSFER_CLASS_4	E.[STAGCI].{2}N[LIVMFAC][FY].{6,12}[LIVMFA].T.{6,8}[LIVM].[GS][LIVM].[KR]
BARWIN_1	CG[KR]CL.V.N
BARWIN_2	V[DN]Y[EQD]FV[DN]C
CHITINASE_19_1	C.{4,5}FY[ST].{3}[FY][LIVMF].A.{3}[YF].{2}F[GSA]
CHITINASE_19_2	[LIVM][GSA]F.[STAG]{2}[LIVMFY]W[FY]W[LIVM]
GLYCOSYL_HYDROL_F3	[LIVM]{2}[KR].[EQKRD].{4}G[LIVMFTC][LIVT][LIVMF][ST]D.{2}[SGADNIT]
GH11_1	[PSA][LQ].E[YF]Y[LIVM]{2}[DE].[FYWHN]
GH11_2	[LIVMF].{2}E[AG][YWG][QRFGS][SG][STAN]G.[SAF]
HIS_ACID_PHOSPHAT_2	[LIVMF].[LIVMFAG][^T].[STAGI]HD[STANQ][^V][LIVM].{2}[LIVMFY].{2}[STA]
GLYCO_HORMONE_ALPHA_1	C.GCC[FY]S[RQS]A[FY]PTP
GLYCO_HORMONE_ALPHA_2	NHT.C.C.TC.{2}HK
PEPCASE_1	[VTI].TAHPT[EQ].{2}R[KRHAQ]
TFIIB	G[KR].{3}[STAGN][^S][LIVMYA][GSTA]{2}[CSAV][LIVM][LIVMFY][LIVMA][GSA][STAC]
RIBOSOMAL_L13	[LIVM][KRVLYFS][GKR]M[LIV][PST].{4,5}[GSKR][NQEKRAH].{5}[LIVM].[AIVL][LFYV].[GDNS]
RIBOSOMAL_L34	[KFQ][RGMP][TN][FYWL][EQSG].{5}[KRHS].{4,5}GF.{2}R
5_NUCLEOTIDASE_1	[LIVM].[LIVM]{2}[HEA][TI].D.H[GSA].[LIVMF]
5_NUCLEOTIDASE_2	[FYPH].{4}[LIVM]GNHEF[DN]
CHORISMATE_SYNTHASE_1	G[DES]SH[GC].{2}[LIVM][GTIVLAMS].[LIVTM][LIVM][DEST][GH].[PV]
CHORISMATE_SYNTHASE_2	[GE].{2}S[AG]R.[ST].{3}[VT].{2}[GA][STAVY][LIVMF]
CHORISMATE_SYNTHASE_3	R[SHF]D[PSV][CSAVT].{4}[SGAIVM].[IVGSTAPM][LIVM].E[STAHNCG][LIVMA]
RECEPTOR_TYR_KIN_V_1	F.[DN].[GAW][GAS]C[LIVM][SA][LIVM]{2}[SA][LV][KRHQ][LIVA].{3}[KREQT]C[PSAWR]
RECEPTOR_TYR_KIN_V_2	C.{2}[DE]G[DEQKRG]W.{2,3}[PAQ][LIVMT][GT].C.C.{2}G[HFY][EQ]
DHPS_1	[LIVM].[AG][LIVMF]{2}N.T.[DN]S[FLMI].D.[SG]
DHPS_2	[GE][SAV].[LIVM]{2}D[LIVMF]G[GPA].{2}[STA].P
HPPK	[KRHD].[GA][PSAE]R.{2}D[LIV]D[LIVM]{2}
INVOLUCRIN	<MS[QH]Q.T[LV]PVT[LV]
1433_1	[RA]NL[LIV]S[VG][GA]Y[KN]N[IVA]
1433_2	YK[DE][SG]TLI[IML]QL[LF][RHC]DN[LF]T[LS]W[TANS][SAD]
ALDOKETO_REDUCTASE_1	G[FY]R[HSAL][LIVMF]D[STAGCL][AS].{5}[EQ].{2}[LIVMCA][GS]
GRANULINS	C.D.{2}HCCP.{4}C
PECTINESTERASE_1	[GSTNP].{6}[FYVHR][IVN][KEP].G[STIVKRQ]Y[DNQKRMV][EP].{3}[LIMVA]
TRANSKETOLASE_1	R.{3}[LIVMTA][DENQSTHKF].{5,6}[GSN]GH[PLIVMF][GSTA].{2}[LIMC][GS]
TRANSKETOLASE_2	[GP][DEQGSANPHVT][DN]G[PAEQ][ST][HQ].[PAGM][LIVMYACNQS][DEFYWLA].{2}[STAPG].{2}[RGANQS]
CALRETICULIN_1	[KRHN].[DEQN][DEQNK].{3}CGG[AG][FY][LIVM][KN][LIVMFY]{2}
CALRETICULIN_2	[LIVM]{2}FGPD.C[AG]
CALRETICULIN_REPEAT	[IVM].[DV].[DENST].{2}KP[DEH]DW[DEN]
ALDOLASE_CLASS_II_2	[LIVM]E.E[LIVM]G.{2}[GM][GSTA].E
ADP_GLC_PYROPHOSPH_1	[AG]GG.G[STKA].L.{2}L[TA].{3}[AST].P[AS][LV]
ADP_GLC_PYROPHOSPH_2	W[FY].G[ST][AS][DNSH][AS][LIVMFYW]
ADP_GLC_PYROPHOSPH_3	[APV][GS]MG[LIVMN]Y[IVC][LIVMFY].{2}[DENPHKRQS]
OLEOSINS	[AG][ST].{2}[AG].{2}[LIVM][SAD][TIF]P[LIVMF]{4}FSP[LIVM]{3}PA
GLYCOSYL_HYDROL_F8	A[ST]D[AG]D.{2}[IM]A.[SA][LIVM][LIVMG].A.{3}[FW]
IF4E	[DE][IFYL].{2}F[KRL].{2}[LIVM].P.WE[DVA].{5}GG[KR]W
ADX	C.{2}[STAQ].[STAMV]C[STA]TC[HR]
AIPM_HOMOCIT_SYNTH_1	LR[DE]G.Q.{4}[^L].{5}K
AIPM_HOMOCIT_SYNTH_2	[LIVMFW].{2}H.H[DN]D.G.[GAS].[GASLI]
EPO_TPO	P.{4}CD.R[LIVM]{2}.[KR].{14}C
DPS_1	H[FW].[LIVM].G.{5}[LV]H.{3}[DE]
DPS_2	[LIVMFY][DH].[LIVM][GA]ER.{3}[LIF][GDN].{2}[PA]
GLUCOAMYLASE	[STN][GP].{1,2}[DE].WEE.{2}[GS]
CYTO_HEME_LYASE_1	HN.{2}NE.{2}W[NQKRS].{4}WE
CYTO_HEME_LYASE_2	PFDRHDW
DEHYDRIN_2	[KR][LIM]K[DE]K[LIM]PG
EF1BD_1	[DEG]{2}[DEK][DE][LIVMF]DLFG
EF1BD_2	[IV]QS.D[LIVM].A[FWM][DNQS]K[LIVM]
MARCKS_1	GQENGHV[KR]
MARCKS_2	ETPK{5}.{0,1}FSFKK.FKLSG.SFK[KR][NS][KR]KE
RIBOSOMAL_L36	[CHDS].{2}[CND].{2}[LIVM].R.{3}[LIVMNR].[LIVM].[CN].{3,4}[KRSN][HLFR].[QCAV].Q
GREAB_1	[EKH][LHVI].{9,10}[IVNLR].{3}[LIV].{6}GD.{2}EN[GSA].Y
GREAB_2	S.{2}S[PK][LIVMF][AG].[SAGNE][LIVM][LIVY].{4}[DNG][DE]
RIBOSOMAL_L27	G.[LIVM]{2}.RQRG.{5}G
25A_SYNTH_1	GS.[AG][KRN].T.L[KRN].{3}[DE].[DET][LM][VI].F
25A_SYNTH_2	RP[VI]ILDP.[DE]PT
OMPTIN_1	WTD.S.HP.T
OMPTIN_2	AGYQE[ST]R[FYW]S[FYW][TN]A.GG[ST]Y
ALADH_PNT_1	[GA][LIVM][PKV].{0,1}E.{3}[NG]E.{1,3}R[VT][AG].[ST]P.[GSTVN][VA].{2}[LI].[KRHNGSED].G
ALADH_PNT_2	[LIVM][LIVMF]G[GAV]G.[AV][GA].{2}[SA].{3}[GA].[SGR][LIVM][GN]A.V.{3}[DE]
INTERLEUKIN_4_13	[LI].E[LIVM]{2}.{4,5}[LIVM][TL].{5,7}C.{4}[IVA].[DNS][LIVMA]
SUMT_1	[LIVM][GS][STAL]GPG.{3}[LIVMFY][LIVM]T[LIVM][KRHQG][AG]
SUMT_2	[VW].{2}[LI].{2}[GA][DT].{3}[FYW][GS].{8}[LIVFA].{5,6}[LIVMFYWPAC].[LIVMY].[PN]G
XPG_1	[VILT][KREIT][PV].[FYIL][VI][FW]DG.{2}[PILHSTF].[LVCQMFAKS]K
XPG_2	[GSN][LIVM][PERD][FYSCV][LIVM].AP.EA[DE][PAS][QSE][CLM]
DALA_DALA_LIGASE_1	H[GN].{2}[GC]E[DNT]G.[LIVMAFT][QSAPH][GSA]
DALA_DALA_LIGASE_2	[LIVAMSFT].{3}[GAHDVSI].[GSAIVCT]R[LIVMCAFST][DE][LIVMFAYGT][LIVMFAR].{7,12}[LIVWCAF].[EK][LIVAPMT]N[STPA].P[GA]
CAP_GLY_1	[GD].{0,10}[FYWA].{0,1}G[LIVM].{0,2}[LIVMFYD].{0,7}G[KN][NHW].{0,1}G[STARCV].{0,2}[GD].{0,2}[LY][FC]
HTH_ARSR_1	C.{2}D[LIVM].{6}[ST].{4}S[HYR][HQ]
MCM_1	G[IVT][LVAC]{2}[IVT]D[DE][FL][DNST]
COX5B_1	[LIVM]{2}[FYW].{10}C.{2}CG.{2}[FY]KL
GLY_RADICAL_1	[STIV].R[IVT][CSA]GY[^GI][GACV]
BETA_ELIM_LYASE	[YV].D.{3}MS[GA]KKD.[LIVMF][LIVMAG].[LIVM]GG
PROTEASOME_BETA_1	[LIVMACFT][GSA][LIVMF].[FYLVGAC].{2}[GSACFYI][LIVMSTACF][LIVMSTAC][LIVMFSTAC][GACI][GSTACV][DES].{15,16}[RK].{12,13}G.{2}[GSTA]D
SPASE_II	[LIVM].[GASF][GA][GAST][LIVMTF][GAS]N[LVMFGIA][LIVFYGT]D[RIK][LIVMFAC]
GUANYLATE_KINASE_1	[TS][ST]R.{2}[KR].{2}[DE].{2}[GA].{2}Y.[FY][LIVMKHRT]
PREPHENATE_DEHYDR_1	[FY].[LIVM].{2}[LIVM].{5}[DN].{5}TRF[LIVMW].[LIVM]
PREPHENATE_DEHYDR_2	[LIVM][ST][KR][LIVMF]E[ST]RP
GTP_CYCLOHYDROL_1_1	[DENGQST][LIVMPF][LIVM].{1,2}[KRNQELD][DENKGS][LIVM].{3}[STG].C[EP]HH
GTP_CYCLOHYDROL_1_2	[SA].[RK].Q[LIVMT]QE[RNAK][LIM][TSNV]
GALANIN	GWTLNSAGYLLGP
OX2_COVAL_FAD	P.{7}[^L].{2}[DE][LIVM].{3}[LIVM].{9,12}[LIVM].{3}[GSA][GSTCHRQ]GH
CALSEQUESTRIN_1	[EQ][DE]GL[DN]FP.YDG.DRV
CALSEQUESTRIN_2	[DE]LEDW[LIVM]EDVL.G.[LIVM]NTEDDD
UBIQUITIN_ACTIVAT_2	P[LIVMG]CT[LIVM][KRHA].[FTNM]P
CPSASE_1	[FYV][PS][LIVMC][LIVMA][LIVM][KR][PSA][STA].{3}[SG]G.[AG]
CPSASE_2	[LIVMF][LIMN]E[LIVMCA]N[PATLIVM][KR][LIVMSTAC]
CYS_MET_METAB_PP	[DQ][LIVMFY].{3}[STAGCN][STAGCIL]TK[FYWQI][LIVMF].G[HQD][SGNH]
RENAL_DIPEPTIDASE_1	[LIVM]EG[GA].{2}[LIVMF].{6}L.{3}Y.{2}G[LIVM]R
CLPAB_1	[DA][AI][SGA][NQS][LIVMF]{2}K[PT].[LM].{2}G
CLPAB_2	[RGT][LIVMFY][DN].[ST]E[LIVMFY].[ED][KRQEAS].[STA].[STAD][KRS][LIVM].G[STAP]
NA_GALACTOSIDE_SYMP	[DG].{3}G.{3}[DN].{6,8}[GA][KRHQ][FSAR][KRL][PT][FYW][LIVMWQ][LIV].{0,1}[GAFV][GSTA]
NA_ALANINE_SYMP	GG.[GA]{2}[LIVM]FWMW[LIVM].[STAV][LIVMFA]{2}G
T2SP_F	[KRQ][LIVMAW].{2}[SAIV][LIVM].[TY]P.{2}[LIVM].{3}[STAGV].{6}[LMY].{3}[LIVMF]{2}P
T2SP_D	[GRH][DEQKG][STVM][LIVMA]{3}[GA]G[LIVMFY].{11}[LIVM]P[LIVMFYWGS][LIVMF][GSAE].[LIVMS]P[LIVMFYW][LIVMFYWS].{2,3}[LV][FK]
IDO_1	GGS[AN][GA]QSS.{2}Q
IDO_2	[FY]L[DQ][DE][LIVM].{2}YM.{3}H[KR]
ODR_DC_2_1	[FY][PA].K[SACV][NHCLFW].{4}[LIVMF][LIVMTA].{2}[LIVMA].{3}[GTE]
ODR_DC_2_2	[GSA].{2,6}[LIVMSCP].[^N][LIVMF][DNS][LIVMCA]GGG[LIVMFY][GSTPCEQ]
ACB_1	[PTLV][GSTA].[DENQA].[LMFK].{2}[LIVMFY][YV][GSA].[FYH]KQ[GSAV][STL].G
NI_HGENASE_CYTB_1	R[LIVMFYW].HW[LIVM].{2}[LIVMF][STAC][LIVM].{2}L.[LIVM]TG
NI_HGENASE_CYTB_2	[RH][STA][LIVMFYW]H[RH][LIVM].{2}W.[LIVMF].{2}F.{3}H
OSTEOPONTIN	[KQ].[TA].{2}[GA]SSEEK
EPSP_SYNTHASE_2	[KR].[KH]E[CSTVI][DNE]R[LIVMY].[GSTAVLD][LIVMCTF].{3}[LIVMFA].{2}[LIVMFCGANY]G
ILVD_EDD_1	CDK.{2}P[GA].{3}[GA]
ILVD_EDD_2	[SGALC][LIMF][LIVMF]TD[GA]R[LIVMFY]S[GA][GAV][ST]
CNMP_BINDING_1	[LIVM][VIC].[^H]G[DENQTA].[GAC][^L].[LIVMFY]{4}.{2}G
CNMP_BINDING_2	[LIVMF]GE.[GAS][LIVM].{5,11}R[STAQ]A.[LIVMA].[STACV]
HIT_1	[NQAR].{4}[GSAVY].[QFLPA].[LIVMY].[HWYRQ][LIVMFYST]H[LIVMFT]H[LIVMF][LIVMFPT][PSGAWN]
NUDIX_BOX	G.{5}E.{4}[TAGCV][LIVMACF].R[EL][LIVMFGSTA].[EA]E.[GNDTHR]
HTH_DEOR_1	R[^G].{2}[LIVM].{3}[LIVM].{16,17}[STA].{2}T[LIVMA][RH][KRNAQ]D[LIVMF]
3_HYDROXYISOBUT_DH	[LIVMFY]{2}GLG.[MQ]G.{2}[MA][SAV].[SNHR]
LACY_1	G[LIVM]{2}.D[RK]LGL[RK]{2}.[LIVM]{2}W
LACY_2	P.[LIVMF]{2}NR[LIVM]G.KN[STA][LIVM]{3}
EPENDYMIN_1	[DE][SQLM][KAH][NT][QEK][SQ]C[SRKH].[EQKM][STM]L
EPENDYMIN_2	F.[PL]P[STA][FYT]C[DEQ][GAMI][LVMA].[TLF][DE][DEK]
RNA_POL_PHAGE_1	P[LIVM].{2}D[GA][ST][AC][SN][GA][LIVMFY]Q
CYS_SYNTHASE	K.E.{3,4}[PAF][STAGC].S[IVAPM]K.R.[STAG].{2}[LIVM]
GLUTAMATE_5_KINASE	[GSTNAD].{2}[GAS].G[GC][IM].[STAG]K[LIVMCT].[SAI][TCAGFS].{2}[GALVCMI]
CYT_DCMP_DEAMINASES_1	[CH][AGV]E.{2}[LIVMFGAT][LIVM].{17,33}PC.{2,8}C.{3}[LIVM]
GTP1_OBG	D[LIVMA]PG[LIVM]{2}[DEYPKQV][GN]A.{2}G.G
UROD_1	[SP][IVCLAM]W[LIVMFYC][LM]R[QR][AVS]GR
UROD_2	[LIMF][GAVS]F[STAGCV][STAGC].[PA][FWYV]T[LIVM].{2}Y.{2,3}[ADE][GK]
MR_MLE_1	[AT].[SAGCN][SAGC][LIVM][DEQ].A[LA].[DE][LIA].[GA][KRQ].{4}[PSA][LIV].{2}L[LIVMF]G
MR_MLE_2	[LIVF].{2}D.[NH].{7}[ACL].{6}[LIVMF].{7}[LIVM]E[DENQ]P
UPF0029	G.{2}[LIVM]{2}.{2}[LIVM].{4}[LIVM].{5}[LIVM]{2}.R[FYW]{2}GG.{2}[LIVM]G
DHODEHASE_1	[GSA].{4}[GK][GSTA][LIVFSTA][GST].{3}[NQRK].G[NHY].{2}P[RTV]
DHODEHASE_2	[LIVM]{2}[GSA].GG[IV].[STGDN].{3}[ACV].{2}[^A][^R].[^L]GA
ADH_IRON_1	[STALIV][LIVF].[DE].{6,7}P.{4}[ALIV].[GST].{2}D[TAIVM][LIVMF].{4}E
SYNTAXIN	[RQLKA].{3}[LIVMAW].{2}[LIVM][ESHLKAGQV].{2}[LIVMT].[DEVMNRAST][LIVMT].{2}[LIVMQ][FSAQGVM].{2}[LIVMF].{3}[LIVT].{2}Q[GADEQVST].{2}[LIVMA][DNQTEI].[LIVMF][DESVHAG].{2,3}[LIVM]
PI3_4_KINASE_1	[LIVMFAC]K.{1,3}[DEA][DE][LIVMCP]RQ[DE].{4}Q
PI3_4_KINASE_2	[GSET].[AVE].{3}[LIVM].{2}[FYHW][LIVM]{2}.[LIVMFN].DR[HNG].{2}N
ASN_GLN_ASE_2	[GA].[LIVM].{2}HGTDT[LIVM]
DNASE_I_2	GDFNA.C[SAK]
DNASE_I_1	[LIVM]{2}[AP][LQ]H[STA][STAE]P.{5}E[LIVM][DN].L.[DE]V
NITRIL_CHT_1	G.{2}[LIVMFY]{2}.[IF].E.{2}[LIVM].GYP
NITRIL_CHT_2	G[GAQ].{2}C[WA]E[NH].{2}[PST][LIVMFYS].[KR]
TRANSGLYCOSYLASE	[LIVM].{3}ES.{3}[AP].{3}S.{5}G[LIVM][LIVMFYW].[LIVMFYW].{4}[SAG]
ASP_GLU_RACEMASE_1	[IVA][LIVM].C.{0,1}N[ST][MSA][STH][LIVFYSTANK]
ASP_GLU_RACEMASE_2	[LIVM]{2}.[AG]CT[DEH][LIVMFY][PNGRS].[LIVM]
OLEEI	[EQT]G.VYCD[TNP]CR
LYSYL_OXIDASE	W.WH.CH.H[YN]HS[MI][DE]
TREHALASE_1	PGGRF.E.Y.WD.Y
TREHALASE_2	QWD.P.[GAV]W[PAS]P
PIR_REPEAT_1	SQ[IV][STGNH]DGQ[LIV]Q[AIV][STA]
RDS_ROM1	D[GS]VPF[ST]CCNP.SPRPC
CUTINASE_2	C.{3}D.[IV]C.G[GST].{2}[LIVM].{2,3}H
MOLYBDOPTERIN_PROK_3	A.{3}[GDTN][IF].[DNQTKEH].[DEAQ].[LIVM].[LIVMC].[NS].{2}[GS].{4,5}[AV].[LIVMEF][STY]
FGGY_KINASES_1	[MFYGS].[PST].{2}K[LIVMFYW][^G]W[LIVMF][^E][DENQTKR][ENQH]
GLYOXALASE_I_1	[HQ][IVT].[LIVFY].[IV].{4}[^E][STA].{2}F[YM].{2,3}[LMF]G[LMF]
GLYOXALASE_I_2	G[NTKQ].{0,5}[GA][LVFY][GH]H[IVF][CGA].[STAGLE].{2}[DNC]
RIBOSOMAL_L35	K[STNV][^F].[GSAM][SAILV].[KRA]R[IVFY].{14,16}[GSANQKR]H
RIBOSOMAL_L20	K.{3}[KRCV].[LIVM]W[IVN][STNALVQCMI][RH][LIVM][NS].{3}[RKHSG]
IF3	[KR][LIVM]{2}[DN][FY][GSTN][KR][LIVMFYS].[FY][DEQTAHI].{2}[KRQ]
RIBOSOMAL_L1E	[NP].{3}[KRM].{2}A[LIVTK].[SA][AC][LIV].[ALCM][STL][SGAKTI].{7}[RK][GS]H
GAMMA_THIONIN	[KRGAQS].C.{3}[SVA].{2}[FYWH].{1,2}[GF].C.{5}C.{3}C
CARBOXYLESTERASE_B_2	[EDA][DG]CL[YTF][LIVT][DNS][LIV][LIVFYW].[PQR]
GLPT	[QEK][RF]G.{3}[GSA][LIVF][WL][NS].[SA][HM]N[LIV][GA]G
UBIA	N.{3}[DEH].{2}[LIMFYT]D.{2}[VM].R[ST].{2}R.{4}[GYNKR]
CKS_1	YS.[KR]Y.[DE]{2}.[FY]EYRHV.[LV][PT][KRP]
CKS_2	H.PE.H[IV]LLF[KR]
CATHELICIDINS_1	Y.[ED].V.[RQ]A[LIVMA][DQG].[LIVMFY]N[EQ]
CATHELICIDINS_2	F.[LIVM]KET.C.{10}C.F[KR][KE]
RIBOSOMAL_S7E	[KRAI]L.RELEKKF[SAPQG].[KRN][HED]
AUTOINDUCER_SYNTH_1	[LMFYA]R.{3}F.{2}[KRQ].{2}W.[LIVM].{6,9}E.D.[FY]D
BACTERIAL_OPSIN_1	RY.[DT]W.[LIVMF][ST][TV]P[LIVM][LIVMNQ][LIVM]
ER_LUMEN_RECEPTOR_1	G[LIV]S.[KR].[QH].L[FY].[LIV]{2}[FYW].{2}RY
ER_LUMEN_RECEPTOR_2	LE[SA]VAI[LM]PQ[LI]
GLYCOSYL_HYDROL_F25	D[LIVM].{3}[NQ][PGE].{9,15}[GR].{4}[LIVMFY]{2}K.[ST]E[GS].{2}[FYL].[DN]
IGP_DEHYDRATASE_1	[LIVMY][DE].HH.{2}E.{2}[GCA][LIVM][STAVCL][LIVMF]
IGP_DEHYDRATASE_2	[GW].[DNIE].HH.{2}E[STAGC].[VMFYHS]K
HYDROPHOBIN	[GN][DNQPSA].C[GSTANK][GSTADNQ][STNQI][PTIV].CC[DENQKPST]
NAD_G3PDH	[GSA][ATIVS][LIVMYCAFST]K[DN][LIVMA][LIVMFYT][GA].[GACKMSIFT].G[ALIVMF].{2}[SGAQ][LIVMYERAKQFS].{0,1}[TLIVMFYWAQ][ETGAS].{0,1}[NDVS]
TRANSALDOLASE_2	[LIVMA].[LIVM]K[LIVM][PAS].[STC].[DENQPAS][GC][LIVM].[AGV].{0,1}[QEKRSTH].[LIVMF]
HISTONE_H3_2	PF.[RA]L[VA][KRQ][DEG][IV]
BTG_1	Y.{2}[HP]W[FYH][APS][DE].P.KG.[GA][FY]RC[IV][RH][IV]
RIBOSOMAL_S28E	E[ST][EA]REA[RK].[LI]
RIBOSOMAL_S2_1	[LIVMFA].[^GPRV][LIVMFYC]{2}[^LPC][STAC][GSTANQEKR][STALV][HY][LIVMF]G
RIBOSOMAL_S2_2	P.{2}[LIVMF]{2}[LIVMS].[GDN].{3}[DENL].{3}[LIVM].E.{4}[GNQKRH][LIVM][AP]
SYNDECAN	[FY]R[IM][KR]K{2}DEGSY
PMI_I_1	Y.D.NHKPE
PMI_I_2	HAY[LIVM].G.{2}[LIVM]E.MA.SDN.[LIVM]RAG.TPK
NMU	F[LIVMF]FRPRN
ANTENNA_COMP_ALPHA	[LIVFAG].[GASV][LIVFA].[IV]H.{3}[LIVM][GSTAE][STANH].{1,3}[STN]W[LIVMFYW]
ANTENNA_COMP_BETA	[EQ].{4}[HGQ].{5}[GSTA].{3}[FYV].{3}[AG].{2}[AV]H.{7}P
TP2_1	H.{3}HS[NS]S.PQ[SG]
TP2_2	K.RK.{2}EGK.{2}K[KR]K
USP_1	G[LIVMFY].{1,3}[AGCY][NASMQG].C[FYWC][LIVMFCA][NSTAD][SACV].[LIVMSF][QF]
USP_2	[YMF].[LK].[SAGNC][LIVMFT].{2}H.G.{4,6}GH[YF]
MANNITOL_DHGENASE	[LIVMY].[FS].{2}[STAGCV].VDR[IV].[PS]
NMT_1	[DEK][IV]N[FS]LC.HK
NMT_2	KFG.GDG
FAD_G3PDH_1	[IV]GGG.{2}G[STACV]G.[AT].[DQ].{3}[RAS]G
FAD_G3PDH_2	GGK.{2}[GSTE]YR.{2}A
G_PROTEIN_RECEP_F3_1	[LV].N[LIVM]{2}.LF.I[PA]Q[LIVM][STA].[STA]{3}[STAN]
G_PROTEIN_RECEP_F3_2	CC[FYW].C.{2}C.{4}[FYW].{2,5}[DNE].{2}[STAHENRI]C.{2}C
G_PROTEIN_RECEP_F3_3	[FLY]N[ED][STA]K.[IV][STAG][FM][ST][MVL]
PHYTOENE_DH	[NG].[FYWV][LIVMF].G[AGC][GS][TA][HQT]PG[STAV]G[LIVM].{5}[GS]
LY6_UPAR	[EQR]C[LIVMFYAH].C.{5,8}C.{3,8}[EDNQSTV]C[^C].{5}C.{12,24}C
UROTENSIN_II	CFWKYC
SPERMADHESIN_1	CG.{2}[LIY].{4}G.I.{9}C.WT
SPERMADHESIN_2	C.KE.[LIVM]E[LIVM].[DE].{3}[GSE].{5}K.C
PTPS_1	CNN.{2}GHGHNY
PTPS_2	DHKNLD.D
CLAT_ADAPTOR_S	[LIVMC][LIVM]Y[KR].{4}LYF
CLAT_ADAPTOR_M_1	[IVT][GSP]WR.{2,3}[GAD].{2}[HY].{2}N.[LIVMAFY]{3}D[LIVM][LIVMT]E
CLAT_ADAPTOR_M_2	[LIV].[FL][IQ]PP.G.[LIVMFY].[LV].{2}Y
SAA	ARGNY[ED]A.[QKR]RG.GG.WA
RIBOSOMAL_L30E_2	[DE][LM]G[STALPD].{2}[GK][KR].{6}[LIVM].[LIVM].[DEN].[GI]
FHIPEP	R[LIVM][GSAT]EV[GSAR]ARF[STAIV]LD[GSA][LM]PGKQM[GSA]ID[GSA][DAE]
TCP1_3	Q[DEK]..[LIVMGTA][GA]DGT
RIBOSOMAL_S21E	[LV]Y[IVC]PRKCS[SAT]
G10_1	LCC.[KR]C.{4}[DE].N.{4}C.CRVP
G10_2	C.HCGC[KRH]GC[SA]
SSI	C.P.{2,3}G.{0,1}H[PA].{4}AC[ATDE].L
SDH_CYT_1	RP[LIVMT].{3}[LIVM].{6}[LIVMWPK].{4}S.{2}HR.[ST]
SDH_CYT_2	H.{3}[GA][LIVMT]R[HF][LIVMF].[FYWM]D.[GVA]
TCTP_1	[IFAED][GA][GASF]N[PAK]S[GTA]E[GDEVCF][PAGEQV][DEQGAV]
TCTP_2	[FLIV].{4}[FLVH][FY][MIVCT]GE.{4,7}[DENP][GAST].[LIVM][GAVI].{3}[FYWQ]
MYELIN_PLP_2	C.[ST].[DE].{3}[ST][FY].L[FY]I.{4}GA
FORMATE_NITRITE_TP_1	[LIVMA][LIVMY].G[GSTA][DES]L[FI][TN][GS]
FORMATE_NITRITE_TP_2	[GA].{2}[CA]N[LIVMFYW]{2}VC[LV]A
TRANSPOSASE_MUTATOR	D.{3}G[LIVMF].{6}[STAV][LIVMFYW][PT].[STAV].{2}[QR].C.{2}H
DNAA	[IL][GA].{2}[LIVMF][SGADENK].{0,1}[KR].H[STPA][STAV][LIVM].{2}[SGAMN].{3}[LIVM]
CRISP_1	[GDER][HR][FYWH][TVS][QA][LIVM][LIVMA]W.{2}[STN]
CRISP_2	[LIVMFYH][LIVMFY].C[NQRHS]Y.[PARH].[GL]N[LIVMFYWDN]
FOLYLPOLYGLU_SYNT_1	[LIVMFY].[LIVM][STAG]GT[NK]GK.[STG].{4}[^A].[^EAD][LIVM]{2}.{3,4}[GSKQT]
FOLYLPOLYGLU_SYNT_2	[LIVMFY]{2}[EK].G[LIVM][GA]G.{2}D.[GST].[LIVM]{2}
OSBP	E[KQ].[SC]H[HR][PG][PL].{1,2}[STACFI][ACGY]
NUSG	[LIVM]FG[KRW].TP[IV].[LIVM]
RIBOSOMAL_L19	[LIVMF].[KRGTIEQSN].[GSAIYN][KRQDAVLSIH][VGAIT][RSNAK].{0,1}[KRAQ][SAKG][KYR][KLI][LYSFT][YF][LIM][RK]
GLYCOPROTEASE	[KRC][GSAT].{4}[FYWLMH][DQNGKRH].P.[LIVMFY].{3}H.{2}[GSA]H[LIVMFA]
STEROL_REDUCT_1	G.{2}[LIVMF][IFYH][DN].[FYWM].G.{2}[LF][NY]P[RQ]
STEROL_REDUCT_2	[LIVM]{2}[LIVMFT][HWD]R.{2}RD.{3}C.{2}KY[GK].{2}[FW].{2}Y
COPROGEN_OXIDASE	K.[WQA][CA].{2}[FYH]{2}.[LIVM].[HY]R.E.RG[LIVMT]GG[LIVM]F[FY]D
PTR2_1	[GA][GAS][LIVMFYWA][LIVM][GAS]D.[LIVMFYWT][LIVMFYW]G.{3}[TAV][IV].{3}[GSTAV].[LIVMF].{3}[GA]
PTR2_2	[FYT].{2}[LMFY][FYV][LIVMFYWA].[IVG]N[LIVMAG]G[GSA][LIMF]
PR55_1	EFDYLKSLEIEEKIN
PR55_2	[NH][AG]H[TAD]YHINSIS[LIVMN][NS]SD
PHOTOSYSTEM_I_PSAGK	[GTND][FPMI].[LIVMH].[DEAT].{2}[GA].[GTAM][STA].GH.[LIVM][GAS]
GLYCOSYL_HYDROL_F39	W.FE.WNEP[DN]
DEHYDROQUINASE_I	D[LIVM][DE][LIVMN].{18,20}[LIVM]{2}.[SC][NHY]H[DN]
DEHYDROQUINASE_II	[LIVM][NQHS]GPN[LVI].{2}[LT]G.R[QED].{3}[FY]G
RNA_POL_M_15KD	[FY]C.[DEKSTG]C[GNK][DNSA][LIVMHG][LIVM].{8,14}C.{1,2}C
PPM_1	[LIVMFY][LIVMFYA][GSAC][LIVM][FYC]DGH[GAV]
GH16_1	E[LIV]D[LIVF].{0,1}E.{2}[GQ][KRNF].[PSTA]
PTS_EIIB_TYPE_1_CYS	N[LIVMFY].{5}C.TR[LIVMF].[LIVMF].[LIVM].[DQEN]
HSP70_3	[LIVMY].[LIVMF].GG.[ST][^LS][LIVM]P.[LIVM].[DEQKRSTA]
SBP_BACTERIAL_1	[GAP][LIVMFA][STAVDN].[^H].{2}[GSAV][LIVMFY]{2}Y[ND].{3}[LIVMF].[KNDE]
SBP_BACTERIAL_3	G[FYIL][DE][LIVMT][DE][LIVMF][^PS][^YG].[LIVMA][VAGC][^TPRG][^GL][LIVMAGN]
SBP_BACTERIAL_5	[AG].{6,7}[DNEG].{2}[STAIVE][LIVMFYWA].[LIVMFY].[LIVM][KR][KRHDE][GDN][LIVMA][KNGSP][FW]
STATHMIN_2	AE[KR]REHE[KR]EV
HOMOSER_DHGENASE	A.{3}G[LIVMFY][STAG].{2,3}[DNS]P.{2}D[LIVM].G.D.{3}K
TRANSPOSASE_IS30	RG.{2}EN.NG[LIVM]{2}R[QE][LIVMFY]{2}PK
SQUALEN_PHYTOEN_SYN_1	Y[CSAM].{2}[VSG]A[GSA][LIVAT][IV]G.{2}[LMSC].{2}[LIV]
SQUALEN_PHYTOEN_SYN_2	[LIVM]G.{3}Q.{2,3}[ND][IFL].[RE]D[LIVMFY].{2}[DE].{4,7}R.[FY].P
LON_SER	DG[PD]SA[GS][LIVMCA][TA][LIVM]
HMA_1	[LIVNS].[^L][LIVMFA].C.[STAGCDNH]C.{3}[LIVFG][^LV].{2}[LIV].{9,11}[IVA].[LVFYS]
RIBOSOMAL_S6	G.[KRC][DENQRH]L[SA]Y.I[KRNSA]
YJEF_C_1	[SAV][IVW][LVA][LIV]G[PNS]GL[GP].[DENQT]
YJEF_C_2	[GA]G.GD[TV][LT][STA]G.[LIVM]
CALPONIN_1	[LIVM].[LS]Q[MASY]G[STY][NT][KRQ].{2}[STN]Q.G.{3,4}G
ARGINASE_1	[ST][LIVMFY]D[LIVM]D.{3}[PAQ].{3}P[GSA].{7}G
TRANSALDOLASE_1	[DGH][IVSAC]T[ST]NP[STA][LIVMF]{2}
DNA_LIGASE_N1	K[LIVMF]DG[LIVMAS][SAG].{4}Y.{2}[GRD].[LF].{4}[ST]RG[DN]G.{2}G[DE][DENL]
DNA_LIGASE_N2	[IV]G[KR][ST]G.[LIVM][STNK].[VTLYF].{2}[LVMF].[PS][IV]
SAICAR_SYNTHETASE_1	[LIVMRPA][LIVFY][PLNRKG][LIVMF]E.[IV][LVCATI]R.{3}[TAEYSI]G[ST]
SAICAR_SYNTHETASE_2	[LI][IVCAP]D.K[LIFY]E[FI]G
FLIP_1	[PA][AS][FY].[LIVT][STH][EQ][LI].{2}[GA]F[KREQ][IM][GV][LIF]
FLIP_2	P[LIVMF]K[LIVMF]{5}.[LIVMA][DNGS]GW
HMG_COA_LYASE	SVAGLGGCPY
SIGMA70_ECF	[STAIV][PQDEL][DE][LIV][LIVTA]Q.[STAV][LIVMFYC][LIVMAK].[GSTAIV][LIMFYWQ].{12,14}[STAP][FYW][LIF].{2}[IV]
PYRIDOX_OXIDASE	[LIVFMYWA]EFW[QHGENRAMVYLCF].{4}[RW][LIVMK][HN][DNESIT]R
ETF_BETA	[IVAG].[KR].{2}[DE][GDE]{2}.{1,2}[EQHF].[LIV].{4}P.[LIVM]{2}[TACS]
UPP_SYNTHASE	[DEH][LIVMF][LIVMFC][LIVMF]R[STPV][SGAC][GEN].{1,2}R.S.[FY][LMFV][LIPMVT][YWL]
SECE_SEC61G	[LIVMFY].[^D][DENQGA].[^E].{2}[LIVMFTA].[KRV].{2}[KW]P.{3}[SEQ].{5}[^D][^CG][LIVT][LIVGA][LIVFGAST]
OMPA_1	[LIVMA].[GT].[TA][DAN].{2,3}[DG][GSTPNKQ].{2}[LFYDEPAVI][NQS].{2}[LI][SG][QEA][KRQENAD]RA.{2}[LVAIT].{3}[LIVMF].{4,5}[LIVMF].{4}[LIVM].{3}[SGW].G
DAGK_PROKAR	E.[LIVM]N[ST][SA][LIV]E.{2}VD
NUCLEASE_NON_SPEC	DRGH[QLIM].{3}[AG]
GRPE	[FYLV][DNST][PHEAYVS].{2}[HMACNQ].[ALV][LIVMTNSF].{16,21}[GYP][FY].{3,4}[DENGKS].{2,3}[LIV][KRIV].[STAG].V.{0,1}[IV]
RIBOSOMAL_L24E	[FY].[GSHE].{2}[IVLF].P[GA].G.{2}[FYV].[KRHE].D
TERPENE_SYNTHASES	[DE]GSW.[GE].W[GA][LIVM].[FY].Y[GA]
ACETATE_KINASE_1	[LIVMFANT][LIVM].[LIVMA]N.GS[ST]{2}.[KE]
ACETATE_KINASE_2	[LIVMFATQ][LIVMA].{2}H.G.[GT].[ST][LIVMA].[TAVC].{3}G
RIBOSOMAL_L37E	GT.[SAVTP].G.[KRHIM].{4,5}H.{2}C.RCG
MOCF_BIOSYNTHESIS_1	[LIVMCA][LIVM]{2}[LITF][LITN]GGTG.{4}D
MOCF_BIOSYNTHESIS_2	S.[GS].{2}D.{5}[LIVW].{10,12}[LIV].{2}[KR]PG[KRL]P.{2}[LIVMF][GA]
BH1	[LVMENQ][FTLS].[GSDECQ][GLPCKH].{1,2}[NST][YW]G[RK][LIV][LIVC][GAT][LIVMF]{2}.F[GSAEC][GSARY]
HTH_TETR_1	[GS][LIVMFYSP].{2,3}[TS][LIVMTA].{2}[LIVM].{5}[LIVQSA][STAGENQH].[GPART].[LIVMFA][FYSTNRH].[HFYRA][FVW].[DNSTKAG][KQMT].{2,3}[LIVM]
RIBOSOMAL_L7AE	[CAS].{4}[IVA]P[FY].{2}[LIVM].[GSQNK][KRQ].{2}LG
DNA_PHOTOLYASES_2_1	F.EE.[LIVM]{2}RREL.{2}NF
DNA_PHOTOLYASES_2_2	G.HD.{2}W.ER.[LIVM]FGK[LIVM]R[FY]MN
RIBUL_P_3_EPIMER_1	[LIVMF]H[LIVMFY]D[LIVM].D.{1,2}[FY][LIVM].N.[STAV]
RIBUL_P_3_EPIMER_2	[LIVMA].[LIVM]M[ST][VS].P.{3}[GN]Q.{0,1}[FMK].{6}[NKR][LIVMC]
RADICAL_ACTIVATING	[GVPS].[GKS].[KRS].{3}[FL].{2}G.{0,1}C.{3}C.{2}C.[NLF]
CAP_1	[LIVM]{2}.RL[DE].{4}RLE
CAP_2	D[LIVMFY].E.[PA].PEQ[LIVMFY]K
TATD_2	P[LIVM].[LIVM]H.R.[TA].[DE]
TATD_3	[LVSAT][LIVA].{2}[LIVMT][PSD].{3}[LI][LIVMT][LIVMST]ETD.P
ADENYLATE_CYCLASE_1_1	EYFG[SA]{2}LW.LYK
ADENYLATE_CYCLASE_1_2	YRN.W[NS]E[LIVM]RTLHF.G
UPF0076	[PA][ASTPV]R[SACVF].[LIVMFY].{2}[GSAKR].[LMVA].{5,8}[LIVM]E[MI]
CHITINASE_18	[LIVMFY][DN]G[LIVMF][DN][LIVMF][DN].E
PPIC_PPIASE_1	F[GSADEI].[LVAQ]A.{3}[ST].{3,4}[STQ].{3,5}[GER]G.[LIVM][GS]
HUPF_HYPC	<MC[LIV][GA][LIV]P.[QKR][LIV]
LIPASE_GDSL_SER	[LIVMFYAG]{4}GDS[LIVM].{1,2}[TAG]G
COMPLEX1_24K	[DKG].{2}[FLV][STKD].{5}C[LMNQ][GA].C.{2}[GA]P
NNMT_PNMT_TEMT	LIDIGSGPT[IV]YQ[LV]L[SA]AC
CK2_BETA	CP.[LIVMYAT].C.{5}[LI]P[LIVMCA]G.{9}V[KRM].{2}C[PA].C
ZF_DKSA_1	C[DESN].[CTS].{3}I.{3}[RK].{4}P.{4}[CSLAT].{2}[CAYF]
ASD	[LIVM][SADN].{2}C.R[LIVM].{4}[GSC]H[STA]
RIBOSOMAL_L13E	[KR].G[KR]GF[ST][LVF].E[LVI].{3}G
RIBOSOMAL_L35AE	G[KT][LIVM].[RD].HG.{2}G.V.[AVS].F.{3}[LI]P
RIBOSOMAL_L18E	[KREWDI].L.{2}[PSRG][KRS].{2}[RHY][PSA].[LIVM][NSA][LIVM].[RK][LIVM]
RIBOSOMAL_L27E	GK[NS].WFF.{2}L[RH]F>
RIBOSOMAL_L24	[GDEN]D.[IV].[IV][LIVMA].G.{2}[KRA][GNQK].{2,3}[GA].[IV]
RIBOSOMAL_L10	[KNQ].{2}[^K].{3}[^A][^L].{9}[LIVMFY].{2}[DENHR].{2}[GS][LIVMF][STDNQC][VTA].[DENQKHPSA][LIVMSAD].{2}[LIMF][KR]
RNA_POL_H_23KD	H[NQEIVMYD][LIVMYAS]VP[EKT]H.{2}[LIVM].{2}[DESAG][ET]
RNA_POL_K_14KD	[ST].[FY]E.[AT]R.[LIVM][GSA].R[SA].Q
RNA_POL_N_8KD	[LIVMFD][LIVMFP]P[LIVM].C[FL][ST]CG
GPR1_FUN34_YAAH	NP[AV]P[LF]GL.[GSA]F
XANTH_URACIL_PERMASE	[LIVM]P.[PASIF]V[LIVMG][GF][GA].{4}[LIVM][FY][GSA].[LIVM].{3}[GA]
HTH_MARR_1	[STNAQ][LIAMV].{0,1}[RNGSYKE].{4,5}[LM][EIVLA].{2}[GESD][LFYWHA][LIVC].{7}[DNS][RKQG][RK].{6}[TS].{2}[GAS]
COPPER_FIST_1	M[LIVMFP][LIVMF]{2}.{3}[KN][MY]AC.{2}C[IL][KR].H[KR].{3}C.H.{8,9}[KR].[KRP]GRP
UREASE_1	T[AY][GA][GATR][LIVMF]D.H[LIVM]H.{3}[PA]
CASPASE_HIS	H.{2,4}[SC].{2}[^A].[LIVMF]{2}[ST]HG
CASPASE_CYS	KPK[LIVMF][LIVMFY][LIVMF]{2}[QP][AF]C[RQG][GE]
TNASE_1	DGDT[LIVM].[LIVMC].{9,10}R[LIVM].{2}[LIVM]D.PE
ROK	[LIVM].{2}G[LIVMFCT]G.[GA][LIVMFA].{3}[^V].{4}G.{3,5}[GATP][^G].G[RKH]
EF_TS_1	LR.{2}[TS][GSDNQ].[GSA][LIVMF].{0,1}[DENKAC].K[KRNEQS][AV]L
EF_TS_2	[ELAS][LIVMF][NVCKGST][SCVA][QE]TD[FS][VLA][SAT][KRNLAQS]
SHIKIMATE_KINASE	[KR].{2}E.{3}[LIVMF].{8,12}[LIVMF]{2}[SA].G{3}.[LIVMFG]
PSI_RLU	[LIVCA][NHYTQ]R[LI][DG].{2}[TV][STAC]G[LIVAGC][LIVMF]{2}[LIVMFGCA][SGTACV]
SLC26A	[PAV].[FYLCVI][GS]LY[STAG][STAGL].{4}[LIVFYA][LIVMST][YI].{3}[GA][GST][SRV][KRNP]
RRNA_A_DIMETH	[LIVMAC][LIVMFYWT][DE].G[STAPVLCG]G.[GAS].[LIVMF][ST].{2,3}[LIVMA].{5,8}[LIVMYF].[STAGVLC][LIVMFYHCS]E.D
ACTINS_ACT_LIKE	[LM][LIVMA]TE[GAPQ].[LIVMFYWHQPK][NS][PSTAQ].{2}N[KR]
UPF0017	D.{8}[GN][LFY].{4}[DET][LY]Y.{3}[ST].{7}[IV].{2}[PS].[LIVM].[LIVM].{3}[DN]D
FTSZ_1	N[ST]D.[QS].L.{16,18}G.G[ATVS]G[GSAN].P.{2}G
FTSZ_2	[DNHKR][LIVMF].[LIVMF]{2}[VSTAC][STAC]G.G[GKN]GTG[ST]G[GSARC][STA]P[LIVMFT][LIVMF][SGAV]
UPF0034	[LIVM][DNG][LIVMF]N.GC[PS].{3,4}[LIVMASQ].{5,6}G[SACY]
TATD_1	[LIVMFY]{2}D[STA]H.H[LIVMFP][DN]
SCORP_SHORT_TOXIN	C.{3}C.{6,9}[GAS]KC[IMQT].{3}C.C
BACT_MICROCOMP	D.{0,1}M.K[SAG]{2}.[IV].[LIVM][LIVMA][GCSY].{4}[GDE][SGPDR][GA]
GLYCOSYL_HYDROL_F45	[STA]TRY[FYW]D.{5}[CA]
T2SP_C	P.{6}F.{4}[LF].{3}D[LIVM]A[LIVM].[LIVM]N.[LIVMQ].[LF]
T2SP_N	GTLW.G.{11}L.{4}W
RIBOSOMAL_L31	[DES][IVT].{4}H[PT][FAVY][FYW][TISN].{9,13}[GN][KRHNQ]
RIBOSOMAL_L31E	[VI][KRWVI][LIV][DSAG].{2}[LIV][NS].[AKQEHFYLCT].W.[KRQE][GS]
RIBOSOMAL_L34E	[ST].S.[KRQ].{4}[KR][TL]P[GS][GN]
UPF0033	[LIV][DEN].{2}[TAG].{2}CP.[PT].[LIVMF].{11}[GN]
PSI_RSU	GRLD.{2}[STA].G[LIVFA][LIVMF]{3}[ST][DNST]
COMPLEX1_20K	[GN].[DE][KRHST][LIVMFA][LIVMF]P[IV]D[LIVMFYWA][LIVMFYWK].P.CP[PT]
FIMBRIAL_USHER	[VL][PASQ][PAS]G[PAD][FY].[LI][DNQSTAP][DNH][LIVMFY]
HESB	[FQ].[LIVMFY].[NH][PGT][NSKQR].{4}C.C[GSN].SF
NOL1_NOP2_SUN	[FV][DQ][KRA][LIVMA]L.D[AV]PC[ST][GA]
RNA_POL_L_13KD	[LIVMFA].{2}[EYD].[HYN][ST][LIVMFY].[NSTR].[LIV].{3}[LIVA].{4,5}[VPG].{4}[FY].{3}[HPY][PEV]
ENDONUCLEASE_III_2	[GSTENA].[LIVMF]P.{5}[LIVMW].{2,3}[LI][PAS]G[IV][GA].{3}[GAC].{2,3}[LIVMA].{1,2}[GSALVI][LIVMFYW][GANKD]
TONB_DEPENDENT_REC_2	[LYGSTANEQ].{3}[GSTAENQ].[PGE]R.[LIVFYWA].[LIVMFTA][STAGNQ][LIVMFYGTA].[LIVMFYWGTADQ].F>
ACID_PHOSPH_CL_A	GSYPSGHT
MIF	[DE]P[CLV][APT].{3}[LIVM].S[IS][GT].[LIVM][GST]
WW_DOMAIN_1	W.{9,11}[VFY][FYW].{6,7}[GSTNE][GSTQCR][FYW][^R][^SA]P
KINESIN_LIGHT	[DEQR]AL.{3}[GEQ].{3}G.[DNS].P.VA.{3}N.L[AS].{5}[QR].[KR][FY].{2}[AV].{4}[HKNQ]
GLC_GALNAC_ISOMERASE	[LIVM].{3}[GNH].{0,1}[LITCRV].[LIVWF].[LIVMF].[GS][LIVM]G.[DENV]G[HN]
QOR_ZETA_CRYSTAL	[GSDN][DEQHKM].{2}L.{3}[SAG]{2}GG.G.{4}Q.{2}[KRS]
GAL_P_UDP_TRANSF_II	DLPI[VS]GG[ST][LIVM]{2}[STAV]H[DEN]H[FY]Q[GAT]G
COPPER_AMINE_OXID_1	[LIVM][LIVMA][LIVMF].{4}[ST].{2}NY[DE][YN]
COPPER_AMINE_OXID_2	T.[GS].{2}H[LIVMF].{3}E[DE].P
RNA_POL_BETA	G.[KN][LIVMFA][STAC][GSTNR].[HSTA][GSAI][QNH]K[GL][IVTEC]
RIBOSOMAL_L17	[IL].[STV][GT].{2}[KR].[KRAF].{6}[DE].[LIMV][LIVMT][TE].[STAG][KR]
RIBOSOMAL_S27E	[QKRTE]C.{2}C.{6}F[GSDA].[PSA].{5}C.{2}C[GSAQ].{2}[LIV].{2}[PS].G
RIBOSOMAL_L21	[IVTL].{3}[KR].{3}[KRQ][KT].{6}G[HFY][RK][RQT].{2}[STL]
RIBOSOMAL_L6E	N.{2}P[LI]RR.{4}[FY]VIATS.{1,2}K
RIBOSOMAL_L21E	[GN][DEQ].V.{10,11}[GVT].{2}[FYHDN].{2}[FY].G.[TV]G
RIBOSOMAL_L44E	K.[TV]KK.{2}L[KR].{2}C
LIPASE_GDXG_HIS	[LIVMF]{2}.[LIVMF]HGG[SAG][FYW].{3}[STDN].{1,2}[STYA][HAGFT]
LIPASE_GDXG_SER	[LIVM].[LIVMF][SA]GDS[CAS]G[GA].[LI][CAVT]
RIBONUCLEASE_II	[HI][FYE][GSTAM][LIVM].{4,5}Y[STALV].[FWVAC][TV][SA]P[LIVMA][RQ][KR][FY].D.{3}[HQ]
IF2	[GLES].[LIVM].{2}L[KR][KRHNS].K.{5}[LIVM].{2}[GNKADS].[DEN][CRG][GI]
ANAPHYLATOXIN_1	[CSH]C.{2}[GAP].{7,8}[GASTDEQR]C[GASTDEQL].{3,9}[GASTDEQN].{2}[CE].{6,7}CC
RIBOSOMAL_S21	[DE].A[LIY][KR][RA][FL]K[KR].{3}[KR]
GLYCOSYL_HYDROL_F35	GGP[LIVM]{2}.{2}Q.ENE[FY]
UBIE_1	Y[DN].[MLAFTI]N.{2}[LIVMN]S.{3}[HQD].{2}W
UBIE_2	RV[LIVMCT][KRQ][PVRK][GMKD][GAS].[LIVMFAT].{2}[LIVMCA][ED].[SGT]
CTCK_1	CC.{13}C.{2}[GN].{12}C.C.{2,4}C
EGF_2	C.C.{2}[GP][FYW].{4,8}C
EGF_CA	[DEQN].[DEQN]{2}C.{3,14}C.{3,7}C.[DN].{4}[FY].C
ELO	[LIV].F[LIV]H[VYWT][FY]HH
RIBOSOMAL_S12E	[SA][LI][KREQP].{2}[LIVM].{2}[SA].{3}[DNG]G[LIV].{2}G[LIV]
RIBOSOMAL_L36E	PYE[KR]R.[LIVMT][DE][LIVM]{2}[KR]
RIBOSOMAL_S3AE	[LIV].[GHN]R[IVNT].E.[SCT][LV].[DE][LVI]
HMG_COA_REDUCTASE_3	A[LIVM].[STAN].{2}[LI].[KRNQ][GSA]H[LM].[FYLH]
RIBOSOMAL_S8E	[KR].{2}[ST]G[GAR].{5,6}[KRHSA].[KRT].[KR].[EA][LIMPA]G
RIBOSOMAL_L15E	[DENT][KR][AL]R.[LIQ]G[FY].[SAP].{2}G[LIVMFY][LIVMFYKS][LIVMFY][LIVMFYA]R.[RNAS][IVL].[KRC]G
PEPT_TRNA_HYDROL_1	[FYH].{2}[TN][RK]HN.G.{2}[LIVMFAYCT][LIVMFA][DEN]
PEPT_TRNA_HYDROL_2	[GS].{3}HNG[LIVM][KR][DNS][LIVMTC]
RIBOSOMAL_L1	[IMGV].{2}[LIVA].{2,3}[LIVMY][GAS].{2}[LMSF][GSNH][PTKR][KRAVG][GN].[LIMF]P[DENSTKQPRAGVI]
TUB_1	F[KRHQ]GRV[ST].ASVKNFQ
TUB_2	AF[AG]I[GSAC][LIVM][ST]SF.[GST]K.ACE
MAP_2	[DA][LIVMY].K[LIVM]D.G.[HQ][LIVMS][DNS]G.{3}[DN]
BTG_2	[LV]P.[DE][LM][ST][LIVM]W[IV]DP.EV[SC].[RQ].G[EK]
REL_1	FRY.CEG
T4_DEIODINASE	RPL[IV].[NS]FGS[CA][TS][CU]P.F
ASC	Y.{2}[EQTFPMSI].C.{3}C.[QTAVKS].{2}[LIVMT][LIVMSAQ].{2}C.C
GLYPICAN	C.{2}C.[GS][LIVM].{4}PC.{2}[FY]C.{2}[LIVM].{2}GC
VWFC_1	C.{2,3}C[^CG]C.{6,14}C.{3,4}C.{2,10}C.{9,16}CC.{2,4}C
LDLRA_1	C[VILMA].{5,6}C[DNH].{3}[DENQHT]C.{3,4}[STADEW][DEH][DE].{1,5}C
CAVEOLIN	FED[LV]IA[DE][PA]
UPF0001	[FW]H[FM][IV]G.[LIV]Q.[NKRQ][KN].{3}[LIV]
P2X_RECEPTOR	GG.[LIVM]G[LIVM].[IV].W.C[DN]LD.{5}C.P.Y.F
GLOBIN_FAM_2	F[LF].{4}[GE]G[PAT].{2}[YW].[GSE][KRQAE].{1,5}[LIVM].{3}H
UPF0016	E[LIVM]GDKTF[LIVMF]{2}A
MRP	W.{2}[LIVM]D[VFY][LIVM]{3}D.PPGT[GS]D
SUCCINYL_COA_LIG_1	S[KR]SG[GT][LIVM][GST].[EQ].{8,10}G.{4}[LIVM][GA][LIVM]GGD
SUCCINYL_COA_LIG_3	G.[IVT].{2}[LIVMF].[NAK][GS][GA]G[LMAI][STAV].{4}[DN].[LIVM].{3,4}[GD][GREAK]
TATC	Y.{2}[FL][LIVMAFNT][LIVMAFT].[LVSI].{4}[GASF].{2}F[EQ][LIVMFC]P[LIVM]
AMMONIUM_TRANSP	D[FYWS][AS]G[GSC].{2}[IV].{3}[SAG]{2}.{2}[SAG][LIVMF].{3}[LIVMFYWA]{2}.[GK].R
PBP	[FYL].[LVM][LIVF].[TIVM][DC]PD.P[SNG].{10}H
PMP22_1	[LIVMF][LIVMFC][LIVMF]{2}[SA][TL].{2}[DNKS].W.{9,13}[LIV]W.{2}[CG]
PMP22_2	[RQ][AVS].[MC][IV]L[SA].[LI].{4}[GSA][LIVMF][LIVMFS][LIVMF]
PROA	[VA].{5}A[LIVAMTCK].[HWFY][IM].{2}[HYWNRFT][GSNT][STAG].{0,1}H[ST][DE].{1,2}I
ARGC	[LIVMA][GSA].[PA]GC[FYN][AVPST]T[GSACVT].{3}[GTACLPS][LIVMCAF].[PL]
HMG_COA_SYNTHASE	N.[DN][IV]EG[IV]D.{2}NAC[FY].G
UPF0012	[GTAL].{2}[IVT]CYD[LIVM].FP.{9}[GD]
COF_1	[LIVFYAN][LIVMFA].{2}D[LIVMF][ND]GT[LIV][LVY][STANLM]
COF_2	[LIVMFC]GD[GSANQ].ND.{3}[LIMFY].{2}[AV].{2}[GSCP].{2}[LMP].{2}[GAS]
TRMA_1	[DN]P[PAS]R.G.{14,19}[LIVMAF][LIVMCAFT][YAHG].[SAG]C[NAMDSYHKGQ].{1,2}[TNKSI]
TRMA_2	[LIVMF][DN].FP[QHYWM][ST].[HR][LIVMFYT]E
PNP_UDP_1	[GST].G[LIVM]G.[PA]S.[GSTAL][IL].{3}EL
UROCANASE	RDH.D.[GS][GS].{2}SP.RET
GATB	[LMFYCVI][DN]R.{3}[PGA]L[LIVMCA]E[LIVMT].[STL].[PA]
PDXS_SNZ_1	[LV]P[VI][VTPI][NQLHT][FL][ATVS][AS]GG[LIV][AT]TP[AQS]D[AGVS][AS][LM]
PDXT_SNO_1	[GARVS][LVI][ILAV][LIVF]PGGES[TS][STAV]
UPF0028	[GA][GS]G[GA]ARG.[SA]H.G.{9}[IVY].[IV][DV].{2}[GA]G.S.G
GDA1_CD39_NTPASE	[LIVM].G.{2}EG.[FYLS].[FW][LIVA][TAG].N[HYF]
DYNEIN_LIGHT_1	H.[IV].G[KR].F[GA]S.V[ST][HY]E
PNP_MTAP_2	[LIVF].{3}[GS].{2}H.[LIVMFY].{4}[LIVMF].{3}[ATV].{1,2}[LIVM].[ATV].{4}[GN].{3,4}[LIVMF]{2}.{2}[STN][SAGT].G[GS][LIVM]
LINK_1	C.{15}A.{3,4}[GK].{3}C.{2}G.{8,9}P.{7}C
ZF_FPG_1	C.{1,4}C[GSANHK].{1,2}[IVML].{7,11}R[GSANPVLMT].{2}[FYWIL]C.{2}CQ
BI1	G.{2}[LIVM][GC]P.[LI].{4}[SAGDT].{4,6}[LIVM]{2}.{2}A.{2}[MG]T.[LIVM].F
ACONITASE_2	G.{2}[LIVWPQT].{3}[GACST]C[GSTAM][LIMPTA]C[LIMV][GA]
RIO1	[LIVMY][VI]H[GA]D[LF][SN]E[FY]N.[LIVM]
UPF0003	G[STIF]V.{2}[LIVM].{6}[LIVMF].{3}[DQT].{3}[LIVH].[LIV]P[NW].{2}[LIVMF][LIVFSTA].{5}[NV]
IUNH	D.D[PT][GA].DD[TAV][VI]A
EGF_LAM_1	C.{1,2}C.{5}G.{2}C.{2}C.{3,4}[FYW].{3,15}C
HYPA	[GS].{4}[LIVMT].{4}[LIVMF].{2}[CSAM][LMFY].{6}[STC].{4,5}[PAC].[LIVMF].[LIVMF].{8}C.{1,2}[CH]
CHH_MIH_GIH	[LIVM].{3}C[KR].[DENGRH]C[FY].[STN].{2}F.{2}C
PCNA_1	[GSTA][LIVMF].[LIVMAS].[GSAVI][LIVM][DS].[NSAED][HKRNS][VIT].[LMYF][VIGAL].[LIVMF].[LIVM].{4}F
OPIOIDS_PRECURSOR	C.{3}C.{2}C.{2}[KRH].{6,7}[LIF][DNS].{3}C.[LIVM][EQ]C[EQ].{8}W.{2}C
FN1_1	C.{6,8}[LFY].{5}[FYW].[RK].{8,10}C.C.{6,9}C
FETUIN_1	C[DN][DE].{54}CH.{9}C.{12,14}C.{17,19}C.{13}C.{2}C
FETUIN_2	[ND].LET.CH.L
CULLIN_1	[LIV][KL].{2}[LIVM].{2}L[IL][DEQGVT][KRHNQ].[YT][LIVM].R.{5,7}[FYLV].Y.[SAT]
RIBOSOMAL_L10E	ADR.{3}[GR][MH]R.[SAP][FYW]G[KRVTS][PANI].[GS].{1,2}A[KRLV][LIVQ]
BH2	W[LIM].{3}[GR]G[WQ][DENSAV].[FLGA][LIVFTC]
BH3	[LIVAT].{3}L[KARQ].[IVAL]GD[DESG][LIMFV][DENSHQ][LVSHRQ][NSR]
BH4_1	[DS][NT]R[AE][LI]V.[KD][FY][LIV][GHS]YKL[SR]Q[RK]G[HY].[CW]
UPF0020	DP[LIVMF]CG[ST]G.{3}[LI]E
IF1A	[IMVALH].G.[GSDENK][KRHFW].{4}[CL].DG.{2}[RY].{2}[RH][IL].G
UPF0021	CK.{2}F.{4}E.{22,23}SGGKD
TBOX_2	[LIVMFYWE]H[PADHL][DENQRS][GSE].{3}G.{2}[WL][ML].{3}[IVA].F
TPX	S.DLPF[AS].{2}[KRQ][FWI]C
ADENYLOSUCCIN_SYN_1	[QGF][WLCF]GDE[GA]K[GA]
UPF0023	[DEN].{2}[LIVF][DE]{2}[LIV]L.{4}[IV][FY].{4}KG
UPF0024	G.KD[KRAT].[AG][LVRSIT][TKS].Q.[LIVF][SGCYAT]
UPF0025	DV[LIV].{2}GH[ST]H.{12}[LIVMF]NPG
BAND_7	R.{2}[LIV][SAN].{6}[LIV]D.{2}T.{2}WG[LIVT][KRH][LIV].[KRA][LIV]E[LIV][KRQ]
NA_SULFATE	[STACPI]S.{2}[FY].{2}P[LIVM][GSA].{3}N.[LIVM]V
GCKR	G[PA]E.[LIV][STAM]GS[ST]R[LIVM]K[STGA]{3}.{2}K
COA_TRANSF_1	[DN][GN].{2}[LIVMFA]{3}GGF.{3}G.P
COA_TRANSF_2	[LF][HQ]SENG[LIVF]{2}[GA]
EFP	K.[AV].{4}G.{2}[LIVT].VP.{2}[LIVC].{2}[GD]
PEPTIDASE_U32	E.F.{2}G[SA][LIVM]C.{4}G.C.[LIVM]S
RIBONUCLEASE_PH	[CA][DE][LIVM]{2}[NQV][GTA]D[GA][SG].{2,3}[TAVLC][AT]
MTTASE_RADICAL	[LIVM].[LIVMT].{2}GC.{3}C[STAN][FY]C.[LIVMT].{4}G
PCMT	[GSAED][DN]G.{2}G[FYWLV].{3}[GSA][PTL][FY][DNSHE].I
GIDA_1	[GSA][PTAV].[YH]CPS[LIVMF][ED].K[LIVMFA].[KRNT][FY]
GIDA_2	[AC]G[QNV].[NTAI]G.{2}GY.[EA][SAG]{2}[SAGC][QSAGMVIT]G[LIVMWF][LIVMAF][AST][GA][LIVMTAR][NYAMF][ALVST]
BIR_REPEAT_1	[HKEPILVY].{2}R.{3,7}[FYW].{11,14}[STAN]G[LMF].[FYHDA].{4}[DESL].{2,3}C.{2}C.{6}[WA].{9}H.{4}[PRSD].C.{2}[LIVMA]
TBOX_1	[LQI]W.{2}[FCL].{3,4}[NT]E[MQ][LIVNM][LIV][TLF].{2}[GR][RG][KRQM]
TNASE_2	[DT][KRP][YQ][GQ]R.[LVY][GA].[IV][FYW]
FA58C_1	[GASP]W.{7,15}[FYW][LIV].[LIVFA][GSTDEN].{6}[LIVF].{2}[IV].[LIVT][QKMT]G
FA58C_2	P.{8,10}[LM]R.[GE][LIVP].GC
RTC	[RH]G.{2}P.G{3}.[LIV]
UPF0027	Q[LIVM].N.A.[LIVM]P.I.{6}[LIVM]PD.H.G.G.{2}[IV]G
TSC22	MDLVK.HL.{2}AVREEVE
ER	YDI[SA].L[FY].F[IV]D.{3}D[LIV]S
ART	[FY].[FY]K.{2}H[FY].L[STI].A
UPF0036	H.SGH[GA].{3}[DE].{3}[LM].{5}P.{3}[LIVM]P.HG[DE]
NUDIX_COA	[LM][LF]T.R[SA].{3}[RK].{3}G.{3}FPGG
ISPD	[IVT][LIVMC][IVT][HS]D[SGAV][AV]R
RSMI	S[DN][AS]G.P.[LIV][SNC]DPG
FLAP_GST2_LTC4S	G.{3}FERV[FY].A[NQ].NC
DAPB	[ERND][IVL].[ED].H.{3}K.[DE].{2}S[GA][TAS][ALCGS]
EPHRIN_RBD_1	[KRQ][LF][CST].K[IF]Q.[FY][ST][PA].{3}G.EF.{5}[FY]{2}.{2}[SA]
RECR	C.{2}C.{3,5}[STACD].{4}C.[LIVFQ]C.{4}[RD][NQDS]
UPF0758	HNHP[SQ]G
BCCT	[GSDNA]WT[LIVM].[FY]W.WW
UBIH	HP[LIV][AG]GQG.N.G.{2}D
MOAA_NIFB_PQQE	[LIV].{3}C[NDP][LIVMF][DNQRS]C.[FYM]C
UPF0054	H[GSA].[LVCYT]H[LAI][LIMSANQVF]G[FYWMH].[HD]
MOTA	A[LMF].[GAT]T[LIVMF].G.[LIVMF].{7}P
UPF0057	[LIVF].[STAC][LIVF]{3}P[PF][LIVA][GAV][IV].{4}[GKN]
FXYD	[DNSE].F.Y[DN].{2}[STNR][LIVM][RQ].{2}G
LGT	[GI]R.[GA]N[FWY][LIVMFA][NG].E.{2}G
SECA	[IV].[IV][SA]T[NQ]MAGRG.DI.L
LIPB	RGG.{2}T[FYWCAH]H.{2}[GHS]Q.[LIVMT].Y
UPF0047	S.{2}[LIV].[LIV].{2}G.{4}GTWQ.[LIV]
CDS	S.[LIVMF]KR.{4}KD.[GSA].{2}[LIF][PGS].HGG[LIVMF].DR[LIVMFT]D
ATP_P_PHORIBOSYLTR	E.{5}[GND].[SAG].{2}[IV].[DE][LIV].{2}[ST]G.T[LMI]
SSRP	[STAC]G[LIVM].L.G.E[LIVM][KQ][SA][LIVMA]
TSAA_1	G[AV]F[STA].R[SA].{2}RPN
RBFA	[LIVMF][QKRHSA][^E].[LIVMAC].{5,6}[LIVMW][RKAYF].[STACIVMF][PV][^LG][LIVMF].[FYI].{2}D
UPF0067	DV.{5}HI[SA]CD.{4}SE
RUVC	G.[GA].[AG].K.[EQA][IVM].{16,19}D.[SAVT]D[AG].[AGS][LIVMCA][ACS]
PHOSPHOTRIESTERASE_1	G.TL.HEH[LIV]
GLYCOSYL_HYDROL_F4	[PS].[SAC].[LIVMFY]{2}[QN].{2}NP.{4}[TA].{9,11}[KRD].[LIV][GN].C
LYS_HYDROXYLASE	PHHD[SA]STF
DAP_EPIMERASE	N.[DN][GS][SENGFT].{4}C[GI]N[GA].R
MSCL	[KR]GN[LIVM]{2}D[LIVM]A[LIVM][GA][LIVM]{3}G
4HBCOA_THIOESTERASE	[QR][IV].{4}[TC]D.{2}G[IV]V.[HF].{2}[FY]
COX6A	[LIV]R.K.[FYW].W[GS]DG.[KH][ST].F.N
PABS_1	[VAI][LAV][LIV]{2}GGG.[GC].{2}[LIVA].E
THYMIDYLATE_KINASE	[LIV][LIVMGSTC][DET][RH][FYHCS].{2}S[GSTNP].[AVC][FY][STANQ]
HTH_RRF2_1	L.{3}[GRS][LIVY].{2}[STA].{2}G.{2}GG[FYIV].[LIF]
PYRASE_GLU	G.{2}[GAP].{4}[LIV][ST].E[KR][LIVC][AG].[NG]
PYRASE_CYS	[LIVF].[GSAVC].[LIVM]S.[STAD]AG.[FY][LIVN]C[DNS]
METHYLGLYOXAL_SYNTH	[SP]GP[LIVMWY]GGD.{0,1}Q
ADOMETDC	[SA][FY][LIV]L[STN]ESS[LIVMF]F[LIV]
ODC_AZ	[LT]LE[FY][AVC][DE][DE][KNQHT][LMT]
SURF4	[KR]Y[DE]F[FY]Q.{2}S.[LIVM]GGLL
CORNICHON	[VI].{3}[DE]L.{2}D[FY].[NS][PS]I[DE]
FRATAXIN_1	[IV][LIVF][NS][KRTAVSL][QH].[PAVS].{2}[EQ][LIVM]W.[STA][STAD]
COE	CSRCC[DE][KR]KSC
CLAUDIN	[GN]LW.{2}C.{7,9}[STDENQH]C
MRAY_1	[KRA].{2}[TIVK]P[ST][MGA][GA]G[LIVSA].[LIVMF]{2}
MRAY_2	[NHS].{2}[NK].[TINAS][DN]G[ILVM]DG[LM]
NODA	[RHQ][ST]W[GSA]GARPE
ISPF	S[DN][GA]D[LIVAP][LIVAG].H[STAC].{2}[DNT][SAG].{2}[SGA]
MAPK	F.{10}RE.{72,86}RD.K.{9}[CS]
HEMATOPO_REC_L_F1	[LIV].[LIV].W.{12,16}Y[EQ][LIV].{25,27}L.{10}[RKH].[RKH].{5,9}[FYW].{2}[FYW].{5}[LIV]
HEMATOPO_REC_L_F2	N.{4}S.{28,35}[LVIM].W.{0,3}P.{5,9}[YF].{1,2}[VILM].W
HEMATOPO_REC_L_F3	[LIV].PDP{2}.{2}[LIV].{8,11}[LVAM].{3}W.{2}P.[ST]W.{4,6}[FY].L.[FY].[LVI]
HEMATOPO_REC_S_F1	[LIVF].{9}[LIV][RK].{9,20}WS.WS.{4}[FYW]
HEMATOPO_REC_S_F2	[LIVM].C.W.{2}G.{5}D.{2}Y.[LIVM].{10,14}C
ZF_ZZ_1	C.{2}C.{4,8}[RHDGSCV][YWFMVIL].[CS].{2,5}[CHEQ].[DNSAGE][YFVLI].[LIVFM]C.{2}C
ZF_RANBP2_1	W.C.{2,4}C.{3}N.{6}C.{2}C
ZF_PHD_1	C.{1,2}C.{5,45}[VMFLWIE].C.{1,4}C.{1,4}[WYFVQHLT]H.{2}C.{5,45}[WFLYI].C.{2}C
ZF_MYND_1	[CH].{2,4}C.{7,17}C.{0,2}C.{4}[YFT]C.{3}[CH].{6,9}H.{3,4}C
ZF_DOF_1	C.{2}C.{7}[CS].{13}C.{2}C.R.WT.GG
DM_1	C.{2}C.{2}H.{8}H.{3,4}C.{4}C.C.{2,3}C
CHITOSANASE_46_80	E[DNQ].{8,17}Y.{7}D.[RD][GP].[TS].{3}[AIVFLY]G.{5,11}D
NOS	[GR]C[IV]GR[ILS].W
PHOSPHOKETOLASE_1	EGGELGY
PHOSPHOKETOLASE_2	G.{3}[DN].P.{2}[LIVFT].{3}[LIVM].GDGE
OMEGA_CONOTOXIN	C[SREYKLIMQVN].{2}[DGWET].[FYSPKV]C[GNDSRHTP].{1,5}[NPGSMTAHF][GWPNIYRSKLQ].CC[STRHGD].{0,2}[NFLWSRYIT]C.{0,3}[VFGAITSNRKL][FLIKRNGH][VWIARKF]C
DELTA_CONOTOXIN	C.{2}[EPSAGT].{3}C[GSNDL].{0,3}[PILV].[FPNDSG][GQ].CC.{3,4}C[FLVIA].{1,2}[FVIWA]C
CYCLOTIDE_BRACELET	C.{0,1}[ES]SC[AV][MFYW]I[PS].{0,1}C
CYCLOTIDE_MOEBIUS	C[GA]E[ST]C[FTV][GLTI]G[TSK]C
ASSASSIN_BUG_TOXIN	C[LI].{2}G[SA].C.G.{2}K.CC.{4,5}C.{2}YAN[RK]C
PLANT_C6_AMP	C[IV].{2,4}[RG]C.{2,6}[GP].CCS.{2,4}C.[^C].{4,8}C
MU_CONOTOXIN	CC[TGN][PFG][PRG].{0,2}C[KRS][DS][RK][RQW]C[KR][PD][MLQH]X{0,1}[KR]CC
ALPHA_CONOTOXIN	CC[SHYN].{0,1}[PRG][RPATV]C[ARMFTNHG].{0,4}[QWHDGENLFYVP][RIVYLGSDW]C
MU_AGATOXIN	C[LAV].[DEK].{3}C.{6,7}CC.{4}C.C.{5}C.C
OMEGA_ACTX_1	C[IT]PSGQPC
OMEGA_ACTX_2	CC[GE][ML]TP.C
DELTA_ACTX	C.{5}WC.{4}DCCC.{3}C.{2}AWY.{5}C.{10,11}C
I_CONOTOXIN	C[^C]{6}C[^C]{5}CC.{1,3}CC.{2,4}C.{3,10}C
J_ACTX	C[^C]{6}C.{2}CC.CC.{4}C.{9,10}C
HWTX_1	C[KALRVG].[^M].{1,3}C.{4,6}CC.{4,6}C.{4}[ERK]WC
HWTX_2	C.{1,4}[FLIV][SEP]C[DE][EIQ].{4,7}C.{0,7}C[KST].{4,18}C[YK].{1,3}C
OMEGA_AGA_II_III	CQCC.{2}N[GA][FY]CS
AGOUTI_1	C.{6}C.{6}CC.{2}C.{2}C.C.{6}C.C.{6,9}C
CONANTOKIN	GEEE.{2}[KE][^E]{2}.{0,1}E.[ILA]RE
ERGTX	C.{5}C.K.{6}C.{2}CC.{9}C.{4}C.C
CONTRYPHAN	C[PV][WL].P[YW]C.{0,1}>
SCORPION_CALCINE	C.{6}C.{5}CC.{3}C.{9}RC