ASN_GLYCOSYLATION	N[^P][ST][^P]
CAMP_PHOSPHO_SITE	[RK]{2}.[ST]
PKC_PHOSPHO_SITE	[ST].[RK]
CK2_PHOSPHO_SITE	[ST].{2}[DE]
TYR_PHOSPHO_SITE	[RK].{2,3}[DE].{2,3}Y
MYRISTYL	G[^EDRKHPFYW].{2}[STAGCN][^P]
AMIDATION	.G[RK][RK]
ASX_HYDROXYL	C.[DN].{4}[FY].C.C
RGD	RGD
ATP_GTP_A	[AG].{4}GK[ST]
EF_HAND_1	D[^W][DNS][^ILVFYW][DENSTG][DNQGHRK][^GP][LIVMC][DENQSTAGC].{2}[DE][LIVMFYW]
EGF_1	C.C.{2}[^V].{2}G[^C].C
FN2_1	C.{2}PF.[FYWIV].{7}C.{8,10}WC.{4}[DNSR][FYW].{3,5}[FYW].[FYWI]C
HOMEOBOX_1	[LIVMFYG][ASLVR].{2}[LIVMSTACN].[LIVM][^Y].{2}[^L][LIV][RKNQESTAIY][LIVFSTNKH]W[FYVC].[NDQTAH].{5}[RKNAIMW]
ZINC_FINGER_C2H2_1	C.{2,4}C.{3}[LIVMFYWC].{8}H.{3,5}H
LEUCINE_ZIPPER	L.{6}L.{6}L.{6}L
DEAD_ATP_HELICASE	[LIVMF]{2}DEAD[RKEN].[LIVMFYGSTN]
HTH_ARAC_FAMILY_1	[KRQ][LIVMA].{2}[GSTALIV][^FYWPGDN].{2}[LIVMSA].{4,9}[LIVMF].[^PLH][LIVMSTA][GSTACIL][^GPK][^F].[GANQRF][LIVMFY].{4,5}[LFY].{3}[FYIVA][^FYWHCM][^PGVI].{2}[GSADENQKR].[NSTAPKL][PARL]
HISTONE_H4	GAKRH
DNA_MISMATCH_REPAIR_1	GFRGE[AG]L
ADH_SHORT	[LIVSPADNK].{9}[^P].{2}Y[PSTAGNCV][STAGNQCIVM][STAGC]K[^PC][SAGFYR][LIVMSTAGD].[^K][LIVMFYW][^D].[^YR][LIVMFYWGAPTHQ][GSACQRHM]
ALDOKETO_REDUCTASE_2	[LIVMFY].{8}[^L][KREQ][^K][LIVM]G[LIVM][SC]N[FY]
ALDEHYDE_DEHYDR_CYS	[FYLVA].[^GVEP][^DILV]G[QE][^LPYG]C[LIVMGSTANC][AGCN][^HE][GSTADNEKR]
MULTICOPPER_OXIDASE1	G.[FYW].[LIVMFYW].[CST].[^PR][^K].{2}[^S].[^LFH]G[LM].{3}[LIVMFYW]
MULTICOPPER_OXIDASE2	HCH.{3}H.{3}[AG][LM]
CYTOCHROME_P450	[FW][SGNH].[GD][^F][RKHPT][^P]C[LIVMFAP][GAD]
N6_MTASE	[LIVMAC][LIVFYWA][^DYP][DN]PP[FYW]
PHOSPHORYLASE	EA[SC]G.[GS].MK.{2}[LM]N
PROTEIN_KINASE_ATP	[LIV]G[^P]G[^P][FYWMGSTNH][SGA][^PW][LIVCAT][^PD].[GSTACLIVMFY].{5,18}[LIVMFYWCSTAR][AIVP][LIVMFAGCKR]K
PROTEIN_KINASE_ST	[LIVMFYC].[HY].D[LIVMFY]K.{2}N[LIVMFYCT]{3}
PROTEIN_KINASE_TYR	[LIVMFYC][^A][HY].D[LIVMFY][RSTAC][^D][^PF]N[LIVMFYC]{3}
LIPASE_SER	[LIV][^KG][LIVFY][LIVMST]G[HYWV]S[^YAG]G[GSTAC]
ALKALINE_PHOSPHATASE	[IV].DS[GAS][GASC][GAST][GA]T
PDEASE_I_1	HD[LIVMFY].H.[AG].{2}[NQ].[LIVMFY]
RNASE_PANCREATIC	CK.{2}NTF
CARBOXYPEPT_ZN_1	[PK].[LIVMFY].[LIVMFY].{2}[^E].H[STAG].E.[LIVM][STAG][^L].{5}[LIVMFYTA]
CARBOXYPEPT_ZN_2	H[STAG][^ADNV][^VGFI][^YAR][LIVME][^SDEP].[LIVMFYW]P[FYW]
TRYPSIN_HIS	[LIVM][ST]A[STAG]HC
TRYPSIN_SER	[DNSTAGC][GSTAPIMVQH].{2}G[DE]SG[GS][SAPHV][LIVMFYWH][LIVMFYSTANQH]
SUBTILASE_ASP	[STAIV][^ERDL][LIVMF][LIVM]D[DSTA]G[LIVMFC].{2,3}[DNH]
SUBTILASE_HIS	HG[STM].[VIC][STAGC][GS].[LIVMA][STAGCLV][SAGM]
SUBTILASE_SER	GTS.[SA].P.[^L][STAVC][AG]
ZINC_PROTEASE	[GSTALIVN][^PCHR][^KND]HE[LIVMFYW][^DEHRKP]H[^EKPC][LIVMFYWGSPQ]
INSULINASE	G.{8,9}G.[STA]H[LIVMFY][LIVMC][DERN][HRKL][LMFAT].[LFSTH].[GSTAN][GST]
ATPASE_ALPHA_BETA	P[SAP][LIV][DNH][^LKGN][^F][^S]S[^DCPH]S
ATPASE_E1_E2	DKTGT[LIVM][TI]
CUTINASE_1	P.[STA].[LIV][IVT].[GS]GYS[QL]G
PG_MUTASE	[LIVM].RHG[EQ].[^Y].N
AA_TRNA_LIGASE_I	P.{0,2}[GSTAN][DENQGAPK].[LIVMFP][HT][LIVMYAC]G[HNTG][LIVMFYSTAGPC]
GLNA_1	[FYWL]DGSS.{6,8}[DENQSTAK][SA][DE].{2}[LIVMFY]
GLNA_ATP	KP[LIVMFYA].{3,5}[NPAT][GA][GSTAN][GA].H.{3}S
UBIQUITIN_CONJUGAT_1	[FYWLSP]H[PC][NHL][LIV].{3,4}G.[LIVP]C[LIV].{1,2}[LIVR]
CYTOCHROME_B5_1	[FY][LIVMK][^I][^Q]HP[GA]G
THIOREDOXIN_1	[LIVMF][LIVMSTA].[LIVMFYC][FYWSTHE].{2}[FYWGTN]C[GATPLVE][PHYWSTA]C[^I].[^A].{3}[LIVMFYWT]
COPPER_BLUE	[GA].{0,2}[YSA].{0,1}[VFY][^SEDT]C.{1,2}[PG].{0,1}H.{2,4}[MQ]
4FE4S_FER_1	C.[^P]C[^C].C[^CP].[^C]C[PEG]
ABC_TRANSPORTER_1	[LIVMFYC][SA][SAPGLVFYKQH]G[DENQMW][KRQASPCLIMFW][KRNQSTAVM][KRACLVM][LIVMFYPAN][^PHY][LIVMFW][SAGCLIVP][^FYWHP][^KRHP][LIVMFYWSTA]
LIPOCALIN	[DENG][^A][DENQGSTARK].{0,2}[DENQARK][LIVFY][^CP]G[^C]W[FYWLRH][^D][LIVMTA]
SUGAR_TRANSPORT_1	[LIVMSTAG][LIVMFSAG][^SH][^RDE][LIVMSA][DE][^TD][LIVMFYWA]GR[RK].{4,6}[GSTA]
SUGAR_TRANSPORT_2	[LIVMF].G[LIVMFA][^V].G[^KP].{7}[LIFY].{2}[EQ].{6}[RK]
AMINO_ACID_PERMEASE_1	[STAGC]G[PAG].{2,3}[LIVMFYWA]{2}.[LIVMFYW].[LIVMFWSTAGC]{2}[STAGC].{3}[LIVMFYWT].[LIVMST].{3}[LIVMCTA][GA]E.{5}[PSAL]
ANION_EXCHANGER_1	FGG[LIVM]{2}[KR]D[LIVM][RK]RRY
ANION_EXCHANGER_2	[FI]LISLIFIYETF.KL
IGFBP_N_1	[GP]C[GSET][CE][CA].{2}C[ALP].{6}C
G_PROTEIN_RECEP_F1_1	[GSTALIVMFYWC][GSTANCPDE][^EDPKRH].[^PQ][LIVMNQGA][^RK][^RK][LIVMFT][GSTANC][LIVMFYWSTAC][DENH]R[FYWCSH][^PE].[LIVM]
INTEGRIN_ALPHA	[FYWS][RK].GFF.R
HBGF_FGF	G.[LIM].[STAGP].{6,7}[DENA]C.[FLM].[EQ].{6}Y
TGF_BETA_1	[LIVM].{2}P.{2}[FY].{4}C.G.C
INTERLEUKIN_1	[FC].S[ASLV].{2}P.{2}[FYLIV][LI][SCA]T.{7}[LIVM]
BOMBESIN	WA.G[SH][LF]M
TACHYKININ	F[IVFY]G[LM]M[G>]
SNAKE_TOXIN	GC.{1,3}CP.{8,10}CC.{2}[PDEN]
MACPF_1	Y.{6}[FY]GTH[FY]
KAZAL_1	C.{4}[^C].{2}C.[^A].{4}Y.{3}C.{2,3}C
SERPIN	[LIVMFY][^G][LIVMFYAC][DNQ][RKHQS][PST]F[LIVMFY][LIVMFYC].[LIVMFAH]
CYSTATIN	[GSTEQKRV]Q[LIVT][VAF][SAGQ]G[^DG][LIVMNK][^TK].[LIVMFY][^S][LIVMFYA][DENQKRHSIV]
IG_MHC	[FY][^L]C[^PGAD][VA][^LC]H
SRP54	P[LIVM].[FYL][LIVMAT][GS][^Q][GS][EQ].[^K].{2}[LIVMF]
G_TR_1	D[KRSTGANQFYW].{3}E[KRAQ].[RKQD][GC][IVMK][ST][IV].{2}[GSTACKRNQ]
CASEIN_ALPHA_BETA	CL[LV]A.A[LVF]A
LECTIN_LEGUME_BETA	[LIV][STAG]V[DEQV][FLI]D[ST]
GLYCOPHORIN_A	II.[GAC]VMAG[LIVM]{2}
TROPOMYOSIN	LK[EAD]AE.RA[ET]
GART	G.[STMC][IVTL].[FYWVQELKR][VMAT].[DEVMKAI].[LIVMY]D.G.{2}[LIVTYA].{6}[LIVM]
ADOMET_SYNTHASE_1	[GN][AS]GDQG.{3}G[FYHG]
ADOMET_SYNTHASE_2	G[GA]G[ASC][FY]S.K[DE]
CLP_PROTEASE_SER	T.{2}[LIVMF]G.A[SAC]S[MSA][PAG][STA]
CLP_PROTEASE_HIS	R.{3}[EAP].{3}[LIVMFYT][LM][LIVM]HQP
TYR_PHOSPHATASE_1	[LIVMF]HC.{2}G.{2}R[STC][STAGP]
PPASE	D[SGDN]D[PE][LIVMF]D[LIVMGAC]
ATPASE_DELTA	[LIVM].[LIVMFYT].{3}[LIVMT][DENQK].[^G][LIVM].[GSA]G[LIVMFYGA][^S][LIVM][KRHENQ].[GSEN]
RECOMBINASES_1	Y[LIVAC]R[VA]S[ST].{2}Q
LBP_BPI_CETP	[PA][GA][LIVMC].{2}R[IV][ST].{3}L.{5}[EQAV].{4}[LIVM][EQK].{8}P
KINESIN_MOTOR_1	[GSAT][KRHPSTQVME][LIVMFY].[LIVMF][IVC][DN][LS][AH]G[SAN]E
SRCR_1	[GNRVM].{5}[GLKA].{2}[EQ].{6}[WPS][GLKH].{2}C.{3}[FYW].{8}[CM].{3}G
TM4_1	[GC].{3}[LIVMFS].{2}[GSA][LIVMFTC][LIVMFA]G[CLYI].[GA][STAPL].{2}[EGAR].{2}[CWNLF][LIVMGA][LIVM]
PEROXIDASE_1	[DET][LIVMTA][^NSYL][^RPFC][LIVM][LIVMSTAG][SAG][LIVMSTAG]H[STA][LIVMFY]
PEROXIDASE_2	[SGATV][^D].{2}[LIVMA]R[LIVMA].[FW]H[^V][SAC]
GUANYLATE_CYCLASE_1	[GD][VI][LIVM].{0,1}[GS].{5}[FY].[LIVM][FYWL][GS][DNTHKWE][DNTAS][IV][DNTAY].{5}[DEC]
AMP_BINDING	[LIVMFY][^E][^VES][STG][STAG]G[ST][STEI][SG].[PASLIVM][KR]
RIBOSOMAL_L22	[RKQN].{2}[^G].[RH][GAS].G[KRQS].{8}[^L][HDN][LIVM][^A][LIVMS].[LIVM]
IDH_IMDH	[NSK][LIMYTV][FYDNH][GEA][DNGSTY][IMVYL].[STGDN][DN].{1,2}[SGAP].{3,4}[GE][STG][LIVMPA][GA][LIVMF]
LIM_DOMAIN_1	C.{2}C.{15,21}[FYWHPCR]H.{2}[CH].{2}C.{2}C.{3}[LIVMF]
ZF_DAG_PE_1	H.[LIVMFYW].{8,11}C.{2}C.{3}[LIVMFC].{5,10}C.{2}C.{4}[HD].{2}C.{5,9}C
THYROGLOBULIN_1_1	[FYWHPVAS].{3}C.{3,4}[SG].[FYW].{3}Q.{5,12}[FYW]C[VA].{3,4}[SG]
A_DEAMINASE	[SA][LIVM][NGS][STA]DDP
SPASE_I_1	[GS][^PR]SM[^RS][PS][AT][LF]
CRF	[PQA].[LIVM]S[LIVM].{2}[PST][LIVMF].[LIVM]LR.{2}[LIVMW]
FIBRINOGEN_C_1	WW[LIVMFYW].{2}C.{2}[GSA].{2}NG
ZF_RING_1	C.H.[LIVMFY]C.{2}C[LIVMYA]
RIBOSOMAL_L19E	Q[KR]R[LIVM].[SA].{4}[CV]G.{3}[IV][WK][LIVF][DNSV][PE]
RIBOSOMAL_S14	[RP].{0,1}C.{11,12}[LIVMF][^L][LIVMF][SC][RG].[^D][^PK][RN]
RIBOSOMAL_S24E	[FYAT]G.{2}[KREILYV][STAI].[GCAVI][FYKRE][GTALV].[LIVYA]Y[DENQAKY][STDN].{7}E
EUKARYOTIC_PORIN	[YH].{2}D[SPCAD].[STA].{3}[TAG][KR][LIVMF][DNSTA][DNS].{4}[GSTAN][LIVMA].[LIVMY]
CBM1_1	CGG.{4,7}G.{3}C.{4,5}C.{3,5}[NHGS].[FYWMI].{2}QC
MYELIN_P0	S[KR]S.K[AG].[SA]EKK[STA]K
MYELIN_PLP_1	G[MV]ALFCGCGH
RIBOSOMAL_L29	[KNQS][PSTLNH][^D][^F][LIVMFA][KRGSADN].[LIVYSTA][KR][KRHQS][DESTANQRL][LIV]A[KRCQVT][LIVMA]
PFKB_KINASES_1	[AG]G.{0,1}[GAP].N[^AGLS][STA].{2}[^A].[^G][^GNKA][GS].{9}G
PFKB_KINASES_2	[DNSK][PSTV].[SAG]{2}[GD]D.{3}[SAGV][AG][LIVMFYA][LIVMSTAP]
GLYCOSYL_HYDROL_F17	[LIVMKS].[LIVMFYWA]{3}[STAG]E[STACVI]G[WY]P[STN].[SAGQ]
AA_TRANSFER_CLASS_2	T[LIVMFYW][STAG]K[SAG][LIVMFYWR][SAG][^ENKR][^TNDR][SAG]
C_TYPE_LECTIN_1	C[LIVMFYATG].{5,12}[WL][^T][DNSR][^C][^LI]C.{5,6}[FYWLIVSTA][LIVMSTA]C
TISSUE_FACTOR	WK.KC.{2}T.[DEN]TECD[LIVM]TDE
IMP_1	[FWV].{0,1}[LIVM]DP[LIVM]D[SG][ST].{2}[FYA].{0,1}[HKRNSTY]
IMP_2	[WYV]D.[AC][GSA][GSAPV].[LIVFACP][LIVM][LIVAC].{3}[GH][GA]
DNAJ_1	[FY][^GL].[LIVMA][^IP].{2}[FYWHNT][DENQSA].L.[DN].{3}[KR][^F][^P][FYI]
THIOL_PROTEASE_HIS	[LIVMGSTAN][^IEVK]H[GSACE][LIVM][^GPSI][LIVMAT]{2}G[^SLAG][GSADNH]
G_PROTEIN_RECEP_F2_1	C.{3}[FYWLIV]D.{3,4}C[FW].{2}[STAGV].{8,9}C[PF]
G_PROTEIN_RECEP_F2_2	[QL]G[LMFCAV][LIVMFTA][LIV].[LIVFSTM][LIFHV][VFYHLG]C[LFYAVI].[NKRQDS].{2}[VAI]
GLYCOSYL_HYDROL_F5	[LIV][LIVMFYWGA]{2}[DNEQG][LIVMGST][^SENR]NE[PV][RHDNSTLIVFY]
FERM_1	W[LIV].{3}[KRQ].[LIVM].{2}[QH].{0,2}[LIVMF].{6,8}[LIVMF].{3,5}F[FY].{2}[DENS]
AAA	[LIVMTR].[LIVMT][LIVMF].[GATMC][ST][NS].{4}[LIVM]D.[AS][LIFAV].{1,2}R
WD_REPEATS_1	[LIVMSTAC][LIVMFYWSTAGC][LIMSTAG][LIVMSTAGC].{2}[DN].[^P][LIVMWSTAC][^DP][LIVMFSTAG]W[DEN][LIVMFSTAGCN]
ZP_1	[LIVMFYW].{7}[STAPDNLR].{3}[LIVMFYW].[LIVMFYW].[LIVMFYW].{2}C[LIVMFYW].[STA][PSLT].{2,4}[DENSG].[STADNQLFM].{6}[LIVM]{2}.{3,4}C
ALDEHYDE_DEHYDR_GLU	[LIVMFGA]E[LIMSTAC][GS]G[KNLM][SADN][TAPFV]
DEAH_ATP_HELICASE	[GSAH].[LIVMF]{3}DE[ALIV]H[NECR]
NA_DICARBOXYL_SYMP_1	P.{0,1}[GP][DES].[LIVMF]{2}.[LIVMA][LIVM][KREQS][LIVMG][LIVM][LIVMF].[PS]
NA_DICARBOXYL_SYMP_2	P.G.[STA].[NT][LIVMCP]D[GA][STANQF].[LIVM][FY].{2}[LIVM].{2}[LIVM][FY][LIV][SA][QH]
RASGEF	[VI]P[FYWVI].[GPSV].{2}[LIVMFYK].[DNE][LIVM].{13,35}[IVL]N[FYME].K
ADOHCYASE_1	[GSAP][CS]N.[FYLM]S[ST][QALKHD][DENG].[AV][AVTS][ADERQ][ACSG][LIVMCG]
ADOHCYASE_2	[GA][KSR].{3}[LIV].G[FY]G.[VC]G[KRL][GA].{1,2}[ASC]
MAM_1	[GE].[LIVMFY]{2}.{3}[STA].{10,11}[LV].{4}[LIVMF].{6,7}C[LIVM].F.[LIVMFY].{3}[GSC]
DH_1	[LM].{2}[LIVMFYWGS][LI].{2}[PEQ][LIVMRF].{2}[LIVM].[KRS].{2}[LT].[LIVM].[DEQN][LIVM].{3}[STM]
ARGE_DAPE_CPG2_1	[LIV][GALMY][LIVMF][^Q][GSA]H.D[TV][STAV]
ARGE_DAPE_CPG2_2	[GSTAI][SANQCVIT]D.K[GSACN].{1,2}[LIVMA].{2}[LIVMFY].{12,17}[LIVM].[LIVMF][LIVMSTAGC][LIVMFA].{2}[DNGM]EE.{0,1}[GSTNE]
SPASE_I_3	[LIVMFYW]{2}[^NLPA][^T]GD[NH][^PIEW].{2}[SND].{2}[SG]
ENDONUCLEASE_III_1	C.{3}[KRSN]P[KRAGL]C.{2}C.{5}C
GH11_1	[PSA][LQ].E[YF]Y[LIVM]{2}[DE].[FYWHN]
TRANSKETOLASE_1	R.{3}[LIVMTA][DENQSTHKF].{5,6}[GSN]GH[PLIVMF][GSTA].{2}[LIMC][GS]
TRANSKETOLASE_2	[GP][DEQGSANPHVT][DN]G[PAEQ][ST][HQ].[PAGM][LIVMYACNQS][DEFYWLA].{2}[STAPG].{2}[RGANQS]
AIPM_HOMOCIT_SYNTH_1	LR[DE]G.Q.{4}[^L].{5}K
CAP_GLY_1	[GD].{0,10}[FYWA].{0,1}G[LIVM].{0,2}[LIVMFYD].{0,7}G[KN][NHW].{0,1}G[STARCV].{0,2}[GD].{0,2}[LY][FC]
PREPHENATE_DEHYDR_1	[FY].[LIVM].{2}[LIVM].{5}[DN].{5}TRF[LIVMW].[LIVM]
PREPHENATE_DEHYDR_2	[LIVM][ST][KR][LIVMF]E[ST]RP
CPSASE_2	[LIVMF][LIMN]E[LIVMCA]N[PATLIVM][KR][LIVMSTAC]
CNMP_BINDING_1	[LIVM][VIC].[^H]G[DENQTA].[GAC][^L].[LIVMFY]{4}.{2}G
CNMP_BINDING_2	[LIVMF]GE.[GAS][LIVM].{5,11}R[STAQ]A.[LIVMA].[STACV]
DHODEHASE_1	[GSA].{4}[GK][GSTA][LIVFSTA][GST].{3}[NQRK].G[NHY].{2}P[RTV]
DHODEHASE_2	[LIVM]{2}[GSA].GG[IV].[STGDN].{3}[ACV].{2}[^A][^R].[^L]GA
TREHALASE_1	PGGRF.E.Y.WD.Y
TREHALASE_2	QWD.P.[GAV]W[PAS]P
PIR_REPEAT_1	SQ[IV][STGNH]DGQ[LIV]Q[AIV][STA]
CUTINASE_2	C.{3}D.[IV]C.G[GST].{2}[LIVM].{2,3}H
UBIA	N.{3}[DEH].{2}[LIMFYT]D.{2}[VM].R[ST].{2}R.{4}[GYNKR]
RIBOSOMAL_S28E	E[ST][EA]REA[RK].[LI]
RIBOSOMAL_S2_1	[LIVMFA].[^GPRV][LIVMFYC]{2}[^LPC][STAC][GSTANQEKR][STALV][HY][LIVMF]G
RIBOSOMAL_S2_2	P.{2}[LIVMF]{2}[LIVMS].[GDN].{3}[DENL].{3}[LIVM].E.{4}[GNQKRH][LIVM][AP]
USP_1	G[LIVMFY].{1,3}[AGCY][NASMQG].C[FYWC][LIVMFCA][NSTAD][SACV].[LIVMSF][QF]
USP_2	[YMF].[LK].[SAGNC][LIVMFT].{2}H.G.{4,6}GH[YF]
G_PROTEIN_RECEP_F3_1	[LV].N[LIVM]{2}.LF.I[PA]Q[LIVM][STA].[STA]{3}[STAN]
G_PROTEIN_RECEP_F3_2	CC[FYW].C.{2}C.{4}[FYW].{2,5}[DNE].{2}[STAHENRI]C.{2}C
G_PROTEIN_RECEP_F3_3	[FLY]N[ED][STA]K.[IV][STAG][FM][ST][MVL]
SAA	ARGNY[ED]A.[QKR]RG.GG.WA
RIBOSOMAL_S21E	[LV]Y[IVC]PRKCS[SAT]
SDH_CYT_1	RP[LIVMT].{3}[LIVM].{6}[LIVMWPK].{4}S.{2}HR.[ST]
SDH_CYT_2	H.{3}[GA][LIVMT]R[HF][LIVMF].[FYWM]D.[GVA]
MYELIN_PLP_2	C.[ST].[DE].{3}[ST][FY].L[FY]I.{4}GA
CRISP_1	[GDER][HR][FYWH][TVS][QA][LIVM][LIVMA]W.{2}[STN]
CRISP_2	[LIVMFYH][LIVMFY].C[NQRHS]Y.[PARH].[GL]N[LIVMFYWDN]
FOLYLPOLYGLU_SYNT_1	[LIVMFY].[LIVM][STAG]GT[NK]GK.[STG].{4}[^A].[^EAD][LIVM]{2}.{3,4}[GSKQT]
FOLYLPOLYGLU_SYNT_2	[LIVMFY]{2}[EK].G[LIVM][GA]G.{2}D.[GST].[LIVM]{2}
OSBP	E[KQ].[SC]H[HR][PG][PL].{1,2}[STACFI][ACGY]
PPM_1	[LIVMFY][LIVMFYA][GSAC][LIVM][FYC]DGH[GAV]
SBP_BACTERIAL_3	G[FYIL][DE][LIVMT][DE][LIVMF][^PS][^YG].[LIVMA][VAGC][^TPRG][^GL][LIVMAGN]
HMA_1	[LIVNS].[^L][LIVMFA].C.[STAGCDNH]C.{3}[LIVFG][^LV].{2}[LIV].{9,11}[IVA].[LVFYS]
RIBOSOMAL_L37E	GT.[SAVTP].G.[KRHIM].{4,5}H.{2}C.RCG
NNMT_PNMT_TEMT	LIDIGSGPT[IV]YQ[LV]L[SA]AC
RIBOSOMAL_L35AE	G[KT][LIVM].[RD].HG.{2}G.V.[AVS].F.{3}[LI]P
GPR1_FUN34_YAAH	NP[AV]P[LF]GL.[GSA]F
SHIKIMATE_KINASE	[KR].{2}E.{3}[LIVMF].{8,12}[LIVMF]{2}[SA].G{3}.[LIVMFG]
SLC26A	[PAV].[FYLCVI][GS]LY[STAG][STAGL].{4}[LIVFYA][LIVMST][YI].{3}[GA][GST][SRV][KRNP]
SCORP_SHORT_TOXIN	C.{3}C.{6,9}[GAS]KC[IMQT].{3}C.C
RIBOSOMAL_L34E	[ST].S.[KRQ].{4}[KR][TL]P[GS][GN]
ENDONUCLEASE_III_2	[GSTENA].[LIVMF]P.{5}[LIVMW].{2,3}[LI][PAS]G[IV][GA].{3}[GAC].{2,3}[LIVMA].{1,2}[GSALVI][LIVMFYW][GANKD]
WW_DOMAIN_1	W.{9,11}[VFY][FYW].{6,7}[GSTNE][GSTQCR][FYW][^R][^SA]P
GLC_GALNAC_ISOMERASE	[LIVM].{3}[GNH].{0,1}[LITCRV].[LIVWF].[LIVMF].[GS][LIVM]G.[DENV]G[HN]
COPPER_AMINE_OXID_1	[LIVM][LIVMA][LIVMF].{4}[ST].{2}NY[DE][YN]
COPPER_AMINE_OXID_2	T.[GS].{2}H[LIVMF].{3}E[DE].P
RIBOSOMAL_S27E	[QKRTE]C.{2}C.{6}F[GSDA].[PSA].{5}C.{2}C[GSAQ].{2}[LIV].{2}[PS].G
CTCK_1	CC.{13}C.{2}[GN].{12}C.C.{2,4}C
EGF_2	C.C.{2}[GP][FYW].{4,8}C
EGF_CA	[DEQN].[DEQN]{2}C.{3,14}C.{3,7}C.[DN].{4}[FY].C
RIBOSOMAL_S3AE	[LIV].[GHN]R[IVNT].E.[SCT][LV].[DE][LVI]
RIBOSOMAL_L1	[IMGV].{2}[LIVA].{2,3}[LIVMY][GAS].{2}[LMSF][GSNH][PTKR][KRAVG][GN].[LIMF]P[DENSTKQPRAGVI]
VWFC_1	C.{2,3}C[^CG]C.{6,14}C.{3,4}C.{2,10}C.{9,16}CC.{2,4}C
LDLRA_1	C[VILMA].{5,6}C[DNH].{3}[DENQHT]C.{3,4}[STADEW][DEH][DE].{1,5}C
COF_2	[LIVMFC]GD[GSANQ].ND.{3}[LIMFY].{2}[AV].{2}[GSCP].{2}[LMP].{2}[GAS]
UPF0028	[GA][GS]G[GA]ARG.[SA]H.G.{9}[IVY].[IV][DV].{2}[GA]G.S.G
GDA1_CD39_NTPASE	[LIVM].G.{2}EG.[FYLS].[FW][LIVA][TAG].N[HYF]
EGF_LAM_1	C.{1,2}C.{5}G.{2}C.{2}C.{3,4}[FYW].{3,15}C
CHH_MIH_GIH	[LIVM].{3}C[KR].[DENGRH]C[FY].[STN].{2}F.{2}C
CULLIN_1	[LIV][KL].{2}[LIVM].{2}L[IL][DEQGVT][KRHNQ].[YT][LIVM].R.{5,7}[FYLV].Y.[SAT]
FA58C_1	[GASP]W.{7,15}[FYW][LIV].[LIVFA][GSTDEN].{6}[LIVF].{2}[IV].[LIVT][QKMT]G
FA58C_2	P.{8,10}[LM]R.[GE][LIVP].GC
UBIH	HP[LIV][AG]GQG.N.G.{2}D
UPF0057	[LIVF].[STAC][LIVF]{3}P[PF][LIVA][GAV][IV].{4}[GKN]
CORNICHON	[VI].{3}[DE]L.{2}D[FY].[NS][PS]I[DE]
ZF_MYND_1	[CH].{2,4}C.{7,17}C.{0,2}C.{4}[YFT]C.{3}[CH].{6,9}H.{3,4}C
CYCLOTIDE_MOEBIUS	C[GA]E[ST]C[FTV][GLTI]G[TSK]C
ALPHA_CONOTOXIN	CC[SHYN].{0,1}[PRG][RPATV]C[ARMFTNHG].{0,4}[QWHDGENLFYVP][RIVYLGSDW]C
I_CONOTOXIN	C[^C]{6}C[^C]{5}CC.{1,3}CC.{2,4}C.{3,10}C
